DriverKey,DriverID,DriverRef,DriverCode,PermanentNumber,FirstName,LastName,FullName,DateOfBirth,Nationality,NationalityCountry
1,1,hamilton,HAM,44,Lewis,Hamilton,Lewis Hamilton,1985-01-07,British,UK
2,2,heidfeld,HEI,,Nick,Heidfeld,Nick Heidfeld,1977-05-10,German,Germany
3,3,rosberg,ROS,6,Nico,Rosberg,Nico Rosberg,1985-06-27,German,Germany
4,4,alonso,ALO,14,Fernando,Alonso,Fernando Alonso,1981-07-29,Spanish,Spain
5,5,kovalainen,KOV,,Heikki,Kovalainen,Heikki Kovalainen,1981-10-19,Finnish,Finland
6,6,nakajima,NAK,,Kazuki,Nakajima,Kazuki Nakajima,1985-01-11,Japanese,Japan
7,7,bourdais,BOU,,Sébastien,Bourdais,Sébastien Bourdais,1979-02-28,French,France
8,8,raikkonen,RAI,7,Kimi,Räikkönen,Kimi Räikkönen,1979-10-17,Finnish,Finland
9,9,kubica,KUB,88,Robert,Kubica,Robert Kubica,1984-12-07,Polish,Poland
10,10,glock,GLO,,Timo,Glock,Timo Glock,1982-03-18,German,Germany
11,11,sato,SAT,,Takuma,Sato,Takuma Sato,1977-01-28,Japanese,Japan
12,12,piquet_jr,PIQ,,Nelson,Piquet Jr.,Nelson Piquet Jr.,1985-07-25,Brazilian,Brazil
13,13,massa,MAS,19,Felipe,Massa,Felipe Massa,1981-04-25,Brazilian,Brazil
14,14,coulthard,COU,,David,Coulthard,David Coulthard,1971-03-27,British,UK
15,15,trulli,TRU,,Jarno,Trulli,Jarno Trulli,1974-07-13,Italian,Italy
16,16,sutil,SUT,99,Adrian,Sutil,Adrian Sutil,1983-01-11,German,Germany
17,17,webber,WEB,,Mark,Webber,Mark Webber,1976-08-27,Australian,Australia
18,18,button,BUT,22,Jenson,Button,Jenson Button,1980-01-19,British,UK
19,19,davidson,DAV,,Anthony,Davidson,Anthony Davidson,1979-04-18,British,UK
20,20,vettel,VET,5,Sebastian,Vettel,Sebastian Vettel,1987-07-03,German,Germany
21,21,fisichella,FIS,,Giancarlo,Fisichella,Giancarlo Fisichella,1973-01-14,Italian,Italy
22,22,barrichello,BAR,,Rubens,Barrichello,Rubens Barrichello,1972-05-23,Brazilian,Brazil
23,23,ralf_schumacher,SCH,,Ralf,Schumacher,Ralf Schumacher,1975-06-30,German,Germany
24,24,liuzzi,LIU,,Vitantonio,Liuzzi,Vitantonio Liuzzi,1980-08-06,Italian,Italy
25,25,wurz,WUR,,Alexander,Wurz,Alexander Wurz,1974-02-15,Austrian,Austria
26,26,speed,SPE,,Scott,Speed,Scott Speed,1983-01-24,American,USA
27,27,albers,ALB,,Christijan,Albers,Christijan Albers,1979-04-16,Dutch,Netherlands
28,28,markus_winkelhock,WIN,,Markus,Winkelhock,Markus Winkelhock,1980-06-13,German,Germany
29,29,yamamoto,YAM,,Sakon,Yamamoto,Sakon Yamamoto,1982-07-09,Japanese,Japan
30,30,michael_schumacher,MSC,,Michael,Schumacher,Michael Schumacher,1969-01-03,German,Germany
31,31,montoya,MON,,Juan,Pablo Montoya,Juan Pablo Montoya,1975-09-20,Colombian,Colombia
32,32,klien,KLI,,Christian,Klien,Christian Klien,1983-02-07,Austrian,Austria
33,33,monteiro,TMO,,Tiago,Monteiro,Tiago Monteiro,1976-07-24,Portuguese,Portugal
34,34,ide,IDE,,Yuji,Ide,Yuji Ide,1975-01-21,Japanese,Japan
35,35,villeneuve,VIL,,Jacques,Villeneuve,Jacques Villeneuve,1971-04-09,Canadian,Canada
36,36,montagny,FMO,,Franck,Montagny,Franck Montagny,1978-01-05,French,France
37,37,rosa,DLR,,Pedro,de la Rosa,Pedro de la Rosa,1971-02-24,Spanish,Spain
38,38,doornbos,DOO,,Robert,Doornbos,Robert Doornbos,1981-09-23,Dutch,Netherlands
39,39,karthikeyan,KAR,,Narain,Karthikeyan,Narain Karthikeyan,1977-01-14,Indian,India
40,40,friesacher,FRI,,Patrick,Friesacher,Patrick Friesacher,1980-09-26,Austrian,Austria
41,41,zonta,ZON,,Ricardo,Zonta,Ricardo Zonta,1976-03-23,Brazilian,Brazil
42,42,pizzonia,PIZ,,Antônio,Pizzonia,Antônio Pizzonia,1980-09-11,Brazilian,Brazil
43,43,matta,,,Cristiano,da Matta,Cristiano da Matta,1973-09-19,Brazilian,Brazil
44,44,panis,,,Olivier,Panis,Olivier Panis,1966-09-02,French,France
45,45,pantano,,,Giorgio,Pantano,Giorgio Pantano,1979-02-04,Italian,Italy
46,46,bruni,,,Gianmaria,Bruni,Gianmaria Bruni,1981-05-30,Italian,Italy
47,47,baumgartner,,,Zsolt,Baumgartner,Zsolt Baumgartner,1981-01-01,Hungarian,Hungary
48,48,gene,,,Marc,Gené,Marc Gené,1974-03-29,Spanish,Spain
49,49,frentzen,,,Heinz-Harald,Frentzen,Heinz-Harald Frentzen,1967-05-18,German,Germany
50,50,verstappen,,,Jos,Verstappen,Jos Verstappen,1972-03-04,Dutch,Netherlands
51,51,wilson,,,Justin,Wilson,Justin Wilson,1978-07-31,British,UK
52,52,firman,,,Ralph,Firman,Ralph Firman,1975-05-20,Irish,Ireland
53,53,kiesa,,,Nicolas,Kiesa,Nicolas Kiesa,1978-03-03,Danish,Denmark
54,54,burti,,,Luciano,Burti,Luciano Burti,1975-03-05,Brazilian,Brazil
55,55,alesi,,,Jean,Alesi,Jean Alesi,1964-06-11,French,France
56,56,irvine,,,Eddie,Irvine,Eddie Irvine,1965-11-10,British,UK
57,57,hakkinen,,,Mika,Häkkinen,Mika Häkkinen,1968-09-28,Finnish,Finland
58,58,marques,,,Tarso,Marques,Tarso Marques,1976-01-19,Brazilian,Brazil
59,59,bernoldi,,,Enrique,Bernoldi,Enrique Bernoldi,1978-10-19,Brazilian,Brazil
60,60,mazzacane,,,Gastón,Mazzacane,Gastón Mazzacane,1975-05-08,Argentine,Argentina
61,61,enge,,,Tomáš,Enge,Tomáš Enge,1976-09-11,Czech,Czech Republic
62,62,yoong,,,Alex,Yoong,Alex Yoong,1976-07-20,Malaysian,Malaysia
63,63,salo,,,Mika,Salo,Mika Salo,1966-11-30,Finnish,Finland
64,64,diniz,,,Pedro,Diniz,Pedro Diniz,1970-05-22,Brazilian,Brazil
65,65,herbert,,,Johnny,Herbert,Johnny Herbert,1964-06-25,British,UK
66,66,mcnish,,,Allan,McNish,Allan McNish,1969-12-29,British,UK
67,67,buemi,BUE,,Sébastien,Buemi,Sébastien Buemi,1988-10-31,Swiss,Switzerland
68,68,takagi,,,Toranosuke,Takagi,Toranosuke Takagi,1974-02-12,Japanese,Japan
69,69,badoer,BAD,,Luca,Badoer,Luca Badoer,1971-01-25,Italian,Italy
70,70,zanardi,,,Alessandro,Zanardi,Alessandro Zanardi,1966-10-23,Italian,Italy
71,71,damon_hill,,,Damon,Hill,Damon Hill,1960-09-17,British,UK
72,72,sarrazin,,,Stéphane,Sarrazin,Stéphane Sarrazin,1975-11-02,French,France
73,73,rosset,,,Ricardo,Rosset,Ricardo Rosset,1968-07-27,Brazilian,Brazil
74,74,tuero,,,Esteban,Tuero,Esteban Tuero,1978-04-22,Argentine,Argentina
75,75,nakano,,,Shinji,Nakano,Shinji Nakano,1971-04-01,Japanese,Japan
76,76,magnussen,MAG,,Jan,Magnussen,Jan Magnussen,1973-07-04,Danish,Denmark
77,77,berger,,,Gerhard,Berger,Gerhard Berger,1959-08-27,Austrian,Austria
78,78,larini,,,Nicola,Larini,Nicola Larini,1964-03-19,Italian,Italy
79,79,katayama,,,Ukyo,Katayama,Ukyo Katayama,1963-05-29,Japanese,Japan
80,80,sospiri,,,Vincenzo,Sospiri,Vincenzo Sospiri,1966-10-07,Italian,Italy
81,81,morbidelli,,,Gianni,Morbidelli,Gianni Morbidelli,1968-01-13,Italian,Italy
82,82,fontana,,,Norberto,Fontana,Norberto Fontana,1975-01-20,Argentine,Argentina
83,83,lamy,,,Pedro,Lamy,Pedro Lamy,1972-03-20,Portuguese,Portugal
84,84,brundle,,,Martin,Brundle,Martin Brundle,1959-06-01,British,UK
85,85,montermini,,,Andrea,Montermini,Andrea Montermini,1964-05-30,Italian,Italy
86,86,lavaggi,,,Giovanni,Lavaggi,Giovanni Lavaggi,1958-02-18,Italian,Italy
87,87,blundell,,,Mark,Blundell,Mark Blundell,1966-04-08,British,UK
88,88,suzuki,,,Aguri,Suzuki,Aguri Suzuki,1960-09-08,Japanese,Japan
89,89,inoue,,,Taki,Inoue,Taki Inoue,1963-09-05,Japanese,Japan
90,90,moreno,,,Roberto,Moreno,Roberto Moreno,1959-02-11,Brazilian,Brazil
91,91,wendlinger,,,Karl,Wendlinger,Karl Wendlinger,1968-12-20,Austrian,Austria
92,92,gachot,,,Bertrand,Gachot,Bertrand Gachot,1962-12-23,Belgian,Belgium
93,93,schiattarella,,,Domenico,Schiattarella,Domenico Schiattarella,1967-11-17,Italian,Italy
94,94,martini,,,Pierluigi,Martini,Pierluigi Martini,1961-04-23,Italian,Italy
95,95,mansell,,,Nigel,Mansell,Nigel Mansell,1953-08-08,British,UK
96,96,boullion,,,Jean-Christophe,Boullion,Jean-Christophe Boullion,1969-12-27,French,France
97,97,papis,,,Massimiliano,Papis,Massimiliano Papis,1969-10-03,Italian,Italy
98,98,deletraz,,,Jean-Denis,Délétraz,Jean-Denis Délétraz,1963-10-01,Swiss,Switzerland
99,99,tarquini,,,Gabriele,Tarquini,Gabriele Tarquini,1962-03-02,Italian,Italy
100,100,comas,,,Érik,Comas,Érik Comas,1963-09-28,French,France
101,101,brabham,,,David,Brabham,David Brabham,1965-09-05,Australian,Australia
102,102,senna,,,Ayrton,Senna,Ayrton Senna,1960-03-21,Brazilian,Brazil
103,103,bernard,,,Éric,Bernard,Éric Bernard,1964-08-24,French,France
104,104,fittipaldi,,,Christian,Fittipaldi,Christian Fittipaldi,1971-01-18,Brazilian,Brazil
105,105,alboreto,,,Michele,Alboreto,Michele Alboreto,1956-12-23,Italian,Italy
106,106,beretta,,,Olivier,Beretta,Olivier Beretta,1969-11-23,Monegasque,Monaco
107,107,ratzenberger,,,Roland,Ratzenberger,Roland Ratzenberger,1960-07-04,Austrian,Austria
108,108,belmondo,,,Paul,Belmondo,Paul Belmondo,1963-04-23,French,France
109,109,lehto,,,Jyrki,Järvilehto,Jyrki Järvilehto,1966-01-31,Finnish,Finland
110,110,cesaris,,,Andrea,de Cesaris,Andrea de Cesaris,1959-05-31,Italian,Italy
111,111,gounon,,,Jean-Marc,Gounon,Jean-Marc Gounon,1963-01-01,French,France
112,112,alliot,,,Philippe,Alliot,Philippe Alliot,1954-07-27,French,France
113,113,adams,,,Philippe,Adams,Philippe Adams,1969-11-19,Belgian,Belgium
114,114,dalmas,,,Yannick,Dalmas,Yannick Dalmas,1961-07-28,French,France
115,115,noda,,,Hideki,Noda,Hideki Noda,1969-03-07,Japanese,Japan
116,116,lagorce,,,Franck,Lagorce,Franck Lagorce,1968-09-01,French,France
117,117,prost,,,Alain,Prost,Alain Prost,1955-02-24,French,France
118,118,warwick,,,Derek,Warwick,Derek Warwick,1954-08-27,British,UK
119,119,patrese,,,Riccardo,Patrese,Riccardo Patrese,1954-04-17,Italian,Italy
120,120,barbazza,,,Fabrizio,Barbazza,Fabrizio Barbazza,1963-04-02,Italian,Italy
121,121,andretti,,,Michael,Andretti,Michael Andretti,1962-10-05,American,USA
122,122,capelli,,,Ivan,Capelli,Ivan Capelli,1963-05-24,Italian,Italy
123,123,boutsen,,,Thierry,Boutsen,Thierry Boutsen,1957-07-13,Belgian,Belgium
124,124,apicella,,,Marco,Apicella,Marco Apicella,1965-10-07,Italian,Italy
125,125,naspetti,,,Emanuele,Naspetti,Emanuele Naspetti,1968-02-24,Italian,Italy
126,126,toshio_suzuki,,,Toshio,Suzuki,Toshio Suzuki,1955-03-10,Japanese,Japan
127,127,gugelmin,,,Maurício,Gugelmin,Maurício Gugelmin,1963-04-20,Brazilian,Brazil
128,128,poele,,,Eric,van de Poele,Eric van de Poele,1961-09-30,Belgian,Belgium
129,129,grouillard,,,Olivier,Grouillard,Olivier Grouillard,1958-09-02,French,France
130,130,chiesa,,,Andrea,Chiesa,Andrea Chiesa,1964-05-06,Swiss,Switzerland
131,131,modena,,,Stefano,Modena,Stefano Modena,1963-05-12,Italian,Italy
132,132,amati,,,Giovanna,Amati,Giovanna Amati,1959-07-20,Italian,Italy
133,133,caffi,,,Alex,Caffi,Alex Caffi,1964-03-18,Italian,Italy
134,134,bertaggia,,,Enrico,Bertaggia,Enrico Bertaggia,1964-09-19,Italian,Italy
135,135,mccarthy,,,Perry,McCarthy,Perry McCarthy,1961-03-03,British,UK
136,136,lammers,,,Jan,Lammers,Jan Lammers,1956-06-02,Dutch,Netherlands
137,137,piquet,,,Nelson,Piquet,Nelson Piquet,1952-08-17,Brazilian,Brazil
138,138,satoru_nakajima,,,Satoru,Nakajima,Satoru Nakajima,1953-02-23,Japanese,Japan
139,139,pirro,,,Emanuele,Pirro,Emanuele Pirro,1962-01-12,Italian,Italy
140,140,johansson,,,Stefan,Johansson,Stefan Johansson,1956-09-08,Swedish,Sweden
141,141,bailey,,,Julian,Bailey,Julian Bailey,1961-10-09,British,UK
142,142,chaves,,,Pedro,Chaves,Pedro Chaves,1965-02-27,Portuguese,Portugal
143,143,bartels,,,Michael,Bartels,Michael Bartels,1968-03-08,German,Germany
144,144,hattori,,,Naoki,Hattori,Naoki Hattori,1966-06-13,Japanese,Japan
145,145,nannini,,,Alessandro,Nannini,Alessandro Nannini,1959-07-07,Italian,Italy
146,146,schneider,,,Bernd,Schneider,Bernd Schneider,1964-07-20,German,Germany
147,147,barilla,,,Paolo,Barilla,Paolo Barilla,1961-04-20,Italian,Italy
148,148,foitek,,,Gregor,Foitek,Gregor Foitek,1965-03-27,Swiss,Switzerland
149,149,langes,,,Claudio,Langes,Claudio Langes,1960-07-20,Italian,Italy
150,150,gary_brabham,,,Gary,Brabham,Gary Brabham,1961-03-29,Australian,Australia
151,151,donnelly,,,Martin,Donnelly,Martin Donnelly,1964-03-26,British,UK
152,152,giacomelli,,,Bruno,Giacomelli,Bruno Giacomelli,1952-09-10,Italian,Italy
153,153,alguersuari,ALG,,Jaime,Alguersuari,Jaime Alguersuari,1990-03-23,Spanish,Spain
154,154,grosjean,GRO,8,Romain,Grosjean,Romain Grosjean,1986-04-17,French,France
155,155,kobayashi,KOB,10,Kamui,Kobayashi,Kamui Kobayashi,1986-09-13,Japanese,Japan
156,156,palmer,,,Jonathan,Palmer,Jonathan Palmer,1956-11-07,British,UK
157,157,danner,,,Christian,Danner,Christian Danner,1958-04-04,German,Germany
158,158,cheever,,,Eddie,Cheever,Eddie Cheever,1958-01-10,American,USA
159,159,sala,,,Luis,Pérez-Sala,Luis Pérez-Sala,1959-05-15,Spanish,Spain
160,160,ghinzani,,,Piercarlo,Ghinzani,Piercarlo Ghinzani,1952-01-16,Italian,Italy
161,161,weidler,,,Volker,Weidler,Volker Weidler,1962-03-18,German,Germany
162,162,raphanel,,,Pierre-Henri,Raphanel,Pierre-Henri Raphanel,1961-05-27,French,France
163,163,arnoux,,,René,Arnoux,René Arnoux,1948-07-04,French,France
164,164,joachim_winkelhock,,,Joachim,Winkelhock,Joachim Winkelhock,1960-10-24,German,Germany
165,165,larrauri,,,Oscar,Larrauri,Oscar Larrauri,1954-08-19,Argentine,Argentina
166,166,streiff,,,Philippe,Streiff,Philippe Streiff,1955-06-26,French,France
167,167,campos,,,Adrián,Campos,Adrián Campos,1960-06-17,Spanish,Spain
168,168,schlesser,,,Jean-Louis,Schlesser,Jean-Louis Schlesser,1948-09-12,French,France
169,169,fabre,,,Pascal,Fabre,Pascal Fabre,1960-01-09,French,France
170,170,fabi,,,Teo,Fabi,Teo Fabi,1955-03-09,Italian,Italy
171,171,forini,,,Franco,Forini,Franco Forini,1958-09-22,Swiss,Switzerland
172,172,laffite,,,Jacques,Laffite,Jacques Laffite,1943-11-21,French,France
173,173,angelis,,,Elio,de Angelis,Elio de Angelis,1958-03-26,Italian,Italy
174,174,dumfries,,,Johnny,Dumfries,Johnny Dumfries,1958-04-26,British,UK
175,175,tambay,,,Patrick,Tambay,Patrick Tambay,1949-06-25,French,France
176,176,surer,,,Marc,Surer,Marc Surer,1951-09-18,Swiss,Switzerland
177,177,keke_rosberg,,,Keke,Rosberg,Keke Rosberg,1948-12-06,Finnish,Finland
178,178,jones,,,Alan,Jones,Alan Jones,1946-11-02,Australian,Australia
179,179,rothengatter,,,Huub,Rothengatter,Huub Rothengatter,1954-10-08,Dutch,Netherlands
180,180,berg,,,Allen,Berg,Allen Berg,1961-08-01,Canadian,Canada
181,181,manfred_winkelhock,,,Manfred,Winkelhock,Manfred Winkelhock,1951-10-06,German,Germany
182,182,lauda,,,Niki,Lauda,Niki Lauda,1949-02-22,Austrian,Austria
183,183,hesnault,,,François,Hesnault,François Hesnault,1956-12-30,French,France
184,184,baldi,,,Mauro,Baldi,Mauro Baldi,1954-01-31,Italian,Italy
185,185,bellof,,,Stefan,Bellof,Stefan Bellof,1957-11-20,German,Germany
186,186,acheson,,,Kenny,Acheson,Kenny Acheson,1957-11-27,British,UK
187,187,watson,,,John,Watson,John Watson,1946-05-04,British,UK
188,188,cecotto,,,Johnny,Cecotto,Johnny Cecotto,1956-01-25,Venezuelan,Venezuela
189,189,gartner,,,Jo,Gartner,Jo Gartner,1954-01-24,Austrian,Austria
190,190,corrado_fabi,,,Corrado,Fabi,Corrado Fabi,1961-04-12,Italian,Italy
191,191,thackwell,,,Mike,Thackwell,Mike Thackwell,1961-03-30,New Zealander,New Zealand
192,192,serra,,,Chico,Serra,Chico Serra,1957-02-03,Brazilian,Brazil
193,193,sullivan,,,Danny,Sullivan,Danny Sullivan,1950-03-09,American,USA
194,194,salazar,,,Eliseo,Salazar,Eliseo Salazar,1954-11-14,Chilean,Chile
195,195,guerrero,,,Roberto,Guerrero,Roberto Guerrero,1958-11-16,Colombian,Colombia
196,196,boesel,,,Raul,Boesel,Raul Boesel,1957-12-04,Brazilian,Brazil
197,197,jarier,,,Jean-Pierre,Jarier,Jean-Pierre Jarier,1946-07-10,French,France
198,198,villeneuve_sr,,,Jacques,Villeneuve Sr.,Jacques Villeneuve Sr.,1953-11-04,Canadian,Canada
199,199,reutemann,,,Carlos,Reutemann,Carlos Reutemann,1942-04-12,Argentine,Argentina
200,200,mass,,,Jochen,Mass,Jochen Mass,1946-09-30,German,Germany
201,201,borgudd,,,Slim,Borgudd,Slim Borgudd,1946-11-25,Swedish,Sweden
202,202,pironi,,,Didier,Pironi,Didier Pironi,1952-03-26,French,France
203,203,gilles_villeneuve,,,Gilles,Villeneuve,Gilles Villeneuve,1950-01-18,Canadian,Canada
204,204,paletti,,,Riccardo,Paletti,Riccardo Paletti,1958-06-15,Italian,Italy
205,205,henton,,,Brian,Henton,Brian Henton,1946-09-19,British,UK
206,206,daly,,,Derek,Daly,Derek Daly,1953-03-11,Irish,Ireland
207,207,mario_andretti,,,Mario,Andretti,Mario Andretti,1940-02-28,American,USA
208,208,villota,,,Emilio,de Villota,Emilio de Villota,1946-07-26,Spanish,Spain
209,209,lees,,,Geoff,Lees,Geoff Lees,1951-05-01,British,UK
210,210,byrne,,,Tommy,Byrne,Tommy Byrne,1958-05-06,Irish,Ireland
211,211,keegan,,,Rupert,Keegan,Rupert Keegan,1955-02-26,British,UK
212,212,rebaque,,,Hector,Rebaque,Hector Rebaque,1956-02-05,Mexican,Mexico
213,213,gabbiani,,,Beppe,Gabbiani,Beppe Gabbiani,1957-01-02,Italian,Italy
214,214,cogan,,,Kevin,Cogan,Kevin Cogan,1956-03-31,American,USA
215,215,guerra,,,Miguel Ángel,Guerra,Miguel Ángel Guerra,1953-08-31,Argentine,Argentina
216,216,stohr,,,Siegfried,Stohr,Siegfried Stohr,1952-10-10,Italian,Italy
217,217,zunino,,,Ricardo,Zunino,Ricardo Zunino,1949-04-13,Argentine,Argentina
218,218,londono,,,Ricardo,Londoño,Ricardo Londoño,1949-08-08,Colombian,Colombia
219,219,jabouille,,,Jean-Pierre,Jabouille,Jean-Pierre Jabouille,1942-10-01,French,France
220,220,francia,,,Giorgio,Francia,Giorgio Francia,1947-11-08,Italian,Italy
221,221,depailler,,,Patrick,Depailler,Patrick Depailler,1944-08-09,French,France
222,222,scheckter,,,Jody,Scheckter,Jody Scheckter,1950-01-29,South African,South Africa
223,223,regazzoni,,,Clay,Regazzoni,Clay Regazzoni,1939-09-05,Swiss,Switzerland
224,224,emerson_fittipaldi,,,Emerson,Fittipaldi,Emerson Fittipaldi,1946-12-12,Brazilian,Brazil
225,225,kennedy,,,Dave,Kennedy,Dave Kennedy,1953-01-15,Irish,Ireland
226,226,south,,,Stephen,South,Stephen South,1952-02-19,British,UK
227,227,needell,,,Tiff,Needell,Tiff Needell,1951-10-29,British,UK
228,228,desire_wilson,,,Desiré,Wilson,Desiré Wilson,1953-11-26,South African,South Africa
229,229,ertl,,,Harald,Ertl,Harald Ertl,1948-08-31,Austrian,Austria
230,230,brambilla,,,Vittorio,Brambilla,Vittorio Brambilla,1937-11-11,Italian,Italy
231,231,hunt,,,James,Hunt,James Hunt,1947-08-29,British,UK
232,232,merzario,,,Arturo,Merzario,Arturo Merzario,1943-03-11,Italian,Italy
233,233,stuck,,,Hans-Joachim,Stuck,Hans-Joachim Stuck,1951-01-01,German,Germany
234,234,brancatelli,,,Gianfranco,Brancatelli,Gianfranco Brancatelli,1950-01-18,Italian,Italy
235,235,ickx,,,Jacky,Ickx,Jacky Ickx,1945-01-01,Belgian,Belgium
236,236,gaillard,,,Patrick,Gaillard,Patrick Gaillard,1952-02-12,French,France
237,237,ribeiro,,,Alex,Ribeiro,Alex Ribeiro,1948-11-07,Brazilian,Brazil
238,238,peterson,,,Ronnie,Peterson,Ronnie Peterson,1944-02-14,Swedish,Sweden
239,239,lunger,,,Brett,Lunger,Brett Lunger,1945-11-14,American,USA
240,240,ongais,,,Danny,Ongais,Danny Ongais,1942-05-21,American,USA
241,241,leoni,,,Lamberto,Leoni,Lamberto Leoni,1953-05-24,Italian,Italy
242,242,galica,,,Divina,Galica,Divina Galica,1944-08-13,British,UK
243,243,stommelen,,,Rolf,Stommelen,Rolf Stommelen,1943-07-11,German,Germany
244,244,colombo,,,Alberto,Colombo,Alberto Colombo,1946-02-23,Italian,Italy
245,245,trimmer,,,Tony,Trimmer,Tony Trimmer,1943-01-24,British,UK
246,246,binder,,,Hans,Binder,Hans Binder,1948-06-12,Austrian,Austria
247,247,bleekemolen,,,Michael,Bleekemolen,Michael Bleekemolen,1949-10-02,Dutch,Netherlands
248,248,gimax,,,Carlo,Franchi,Carlo Franchi,1938-01-01,Italian,Italy
249,249,rahal,,,Bobby,Rahal,Bobby Rahal,1953-01-10,American,USA
250,250,pace,,,Carlos,Pace,Carlos Pace,1944-10-06,Brazilian,Brazil
251,251,ian_scheckter,,,Ian,Scheckter,Ian Scheckter,1947-08-22,South African,South Africa
252,252,pryce,,,Tom,Pryce,Tom Pryce,1949-06-11,British,UK
253,253,hoffmann,,,Ingo,Hoffmann,Ingo Hoffmann,1953-02-28,Brazilian,Brazil
254,254,zorzi,,,Renzo,Zorzi,Renzo Zorzi,1946-12-12,Italian,Italy
255,255,nilsson,,,Gunnar,Nilsson,Gunnar Nilsson,1948-11-20,Swedish,Sweden
256,256,perkins,,,Larry,Perkins,Larry Perkins,1950-03-18,Australian,Australia
257,257,hayje,,,Boy,Lunger,Boy Lunger,1949-05-03,Dutch,Netherlands
258,258,neve,,,Patrick,Nève,Patrick Nève,1949-10-13,Belgian,Belgium
259,259,purley,,,David,Purley,David Purley,1945-01-26,British,UK
260,260,andersson,,,Conny,Andersson,Conny Andersson,1939-12-28,Swedish,Sweden
261,261,dryver,,,Bernard,de Dryver,Bernard de Dryver,1952-09-19,Belgian,Belgium
262,262,oliver,,,Jackie,Oliver,Jackie Oliver,1942-08-14,British,UK
263,263,kozarowitzky,,,Mikko,Kozarowitzky,Mikko Kozarowitzky,1948-05-17,Finnish,Finland
264,264,sutcliffe,,,Andy,Sutcliffe,Andy Sutcliffe,1947-05-09,British,UK
265,265,edwards,,,Guy,Edwards,Guy Edwards,1942-12-30,British,UK
266,266,mcguire,,,Brian,McGuire,Brian McGuire,1945-12-13,Australian,Australia
267,267,schuppan,,,Vern,Schuppan,Vern Schuppan,1943-03-19,Australian,Australia
268,268,heyer,,,Hans,Heyer,Hans Heyer,1943-03-16,German,Germany
269,269,pilette,,,Teddy,Pilette,Teddy Pilette,1942-07-26,Belgian,Belgium
270,270,ashley,,,Ian,Ashley,Ian Ashley,1947-10-26,British,UK
271,271,kessel,,,Loris,Kessel,Loris Kessel,1950-04-01,Swiss,Switzerland
272,272,takahashi,,,Kunimitsu,Takahashi,Kunimitsu Takahashi,1940-01-29,Japanese,Japan
273,273,hoshino,,,Kazuyoshi,Hoshino,Kazuyoshi Hoshino,1947-07-01,Japanese,Japan
274,274,takahara,,,Noritake,Takahara,Noritake Takahara,1951-06-06,Japanese,Japan
275,275,lombardi,,,Lella,Lombardi,Lella Lombardi,1941-03-26,Italian,Italy
276,276,evans,,,Bob,Evans,Bob Evans,1947-06-11,British,UK
277,277,leclere,,,Michel,Leclère,Michel Leclère,1946-03-18,French,France
278,278,amon,,,Chris,Amon,Chris Amon,1943-07-20,New Zealander,New Zealand
279,279,zapico,,,Emilio,Zapico,Emilio Zapico,1944-05-27,Spanish,Spain
280,280,pescarolo,,,Henri,Pescarolo,Henri Pescarolo,1942-09-25,French,France
281,281,nelleman,,,Jac,Nelleman,Jac Nelleman,1944-04-19,Danish,Denmark
282,282,magee,,,Damien,Magee,Damien Magee,1945-11-17,British,UK
283,283,wilds,,,Mike,Wilds,Mike Wilds,1946-01-07,British,UK
284,284,pesenti_rossi,,,Alessandro,Pesenti-Rossi,Alessandro Pesenti-Rossi,1942-08-31,Italian,Italy
285,285,stuppacher,,,Otto,Stuppacher,Otto Stuppacher,1947-03-03,Austrian,Austria
286,286,brown,,,Warwick,Brown,Warwick Brown,1949-12-24,Australian,Australia
287,287,hasemi,,,Masahiro,Hasemi,Masahiro Hasemi,1945-11-13,Japanese,Japan
288,288,donohue,,,Mark,Donohue,Mark Donohue,1937-03-18,American,USA
289,289,hill,,,Graham,Hill,Graham Hill,1929-02-15,British,UK
290,290,wilson_fittipaldi,,,Wilson,Fittipaldi,Wilson Fittipaldi,1943-12-25,Brazilian,Brazil
291,291,tunmer,,,Guy,Tunmer,Guy Tunmer,1948-12-01,South African,South Africa
292,292,keizan,,,Eddie,Keizan,Eddie Keizan,1944-09-12,South African,South Africa
293,293,charlton,,,Dave,Charlton,Dave Charlton,1936-10-27,South African,South Africa
294,294,brise,,,Tony,Brise,Tony Brise,1952-03-28,British,UK
295,295,wunderink,,,Roelof,Wunderink,Roelof Wunderink,1948-12-12,Dutch,Netherlands
296,296,migault,,,François,Migault,François Migault,1944-12-04,French,France
297,297,palm,,,Torsten,Palm,Torsten Palm,1947-07-23,Swedish,Sweden
298,298,lennep,,,Gijs,van Lennep,Gijs van Lennep,1942-03-16,Dutch,Netherlands
299,299,fushida,,,Hiroshi,Fushida,Hiroshi Fushida,1946-03-10,Japanese,Japan
300,300,nicholson,,,John,Nicholson,John Nicholson,1941-10-06,New Zealander,New Zealand
301,301,morgan,,,Dave,Morgan,Dave Morgan,1944-08-07,British,UK
302,302,crawford,,,Jim,Crawford,Jim Crawford,1948-02-13,British,UK
303,303,vonlanthen,,,Jo,Vonlanthen,Jo Vonlanthen,1942-05-31,Swiss,Switzerland
304,304,hulme,,,Denny,Hulme,Denny Hulme,1936-06-18,New Zealander,New Zealand
305,305,hailwood,,,Mike,Hailwood,Mike Hailwood,1940-04-02,British,UK
306,306,beltoise,,,Jean-Pierre,Beltoise,Jean-Pierre Beltoise,1937-04-26,French,France
307,307,ganley,,,Howden,Ganley,Howden Ganley,1941-12-24,New Zealander,New Zealand
308,308,robarts,,,Richard,Robarts,Richard Robarts,1944-09-22,British,UK
309,309,revson,,,Peter,Revson,Peter Revson,1939-02-27,American,USA
310,310,driver,,,Paddy,Driver,Paddy Driver,1934-05-13,South African,South Africa
311,311,belso,,,Tom,Belsø,Tom Belsø,1942-08-27,Danish,Denmark
312,312,redman,,,Brian,Redman,Brian Redman,1937-03-09,British,UK
313,313,opel,,,Rikky,von Opel,Rikky von Opel,1947-10-14,Liechtensteiner,Liechtenstein
314,314,schenken,,,Tim,Schenken,Tim Schenken,1943-09-26,Australian,Australia
315,315,larrousse,,,Gérard,Larrousse,Gérard Larrousse,1940-05-23,French,France
316,316,kinnunen,,,Leo,Kinnunen,Leo Kinnunen,1943-08-05,Finnish,Finland
317,317,wisell,,,Reine,Wisell,Reine Wisell,1941-09-30,Swedish,Sweden
318,318,roos,,,Bertil,Roos,Bertil Roos,1943-10-12,Swedish,Sweden
319,319,dolhem,,,José,Dolhem,José Dolhem,1944-04-26,French,France
320,320,gethin,,,Peter,Gethin,Peter Gethin,1940-02-21,British,UK
321,321,bell,,,Derek,Bell,Derek Bell,1941-10-31,British,UK
322,322,hobbs,,,David,Hobbs,David Hobbs,1939-06-09,British,UK
323,323,quester,,,Dieter,Quester,Dieter Quester,1939-05-30,Austrian,Austria
324,324,koinigg,,,Helmuth,Koinigg,Helmuth Koinigg,1948-11-03,Austrian,Austria
325,325,facetti,,,Carlo,Facetti,Carlo Facetti,1935-06-26,Italian,Italy
326,326,wietzes,,,Eppie,Wietzes,Eppie Wietzes,1938-05-28,Canadian,Canada
327,327,cevert,,,François,Cevert,François Cevert,1944-02-25,French,France
328,328,stewart,,,Jackie,Stewart,Jackie Stewart,1939-06-11,British,UK
329,329,beuttler,,,Mike,Beuttler,Mike Beuttler,1940-04-13,British,UK
330,330,galli,,,Nanni,Galli,Nanni Galli,1940-10-02,Italian,Italy
331,331,bueno,,,Luiz,Bueno,Luiz Bueno,1937-01-16,Brazilian,Brazil
332,332,follmer,,,George,Follmer,George Follmer,1934-01-27,American,USA
333,333,adamich,,,Andrea,de Adamich,Andrea de Adamich,1941-10-03,Italian,Italy
334,334,pretorius,,,Jackie,Pretorius,Jackie Pretorius,1934-11-22,South African,South Africa
335,335,williamson,,,Roger,Williamson,Roger Williamson,1948-02-02,British,UK
336,336,mcrae,,,Graham,McRae,Graham McRae,1940-03-05,New Zealander,New Zealand
337,337,marko,,,Helmut,Marko,Helmut Marko,1943-04-27,Austrian,Austria
338,338,walker,,,David,Walker,David Walker,1941-06-10,Australian,Australia
339,339,roig,,,Alex,Soler-Roig,Alex Soler-Roig,1932-10-29,Spanish,Spain
340,340,love,,,John,Love,John Love,1924-12-07,Rhodesian,Rhodesia
341,341,surtees,,,John,Surtees,John Surtees,1934-02-11,British,UK
342,342,barber,,,Skip,Barber,Skip Barber,1936-11-16,American,USA
343,343,brack,,,Bill,Brack,Bill Brack,1935-12-26,Canadian,Canada
344,344,posey,,,Sam,Posey,Sam Posey,1944-05-26,American,USA
345,345,rodriguez,,,Pedro,Rodríguez,Pedro Rodríguez,1940-01-18,Mexican,Mexico
346,346,siffert,,,Jo,Siffert,Jo Siffert,1936-07-07,Swiss,Switzerland
347,347,bonnier,,,Jo,Bonnier,Jo Bonnier,1930-01-31,Swedish,Sweden
348,348,mazet,,,François,Mazet,François Mazet,1943-02-24,French,France
349,349,jean,,,Max,Jean,Max Jean,1943-07-27,French,France
350,350,elford,,,Vic,Elford,Vic Elford,1935-06-10,British,UK
351,351,moser,,,Silvio,Moser,Silvio Moser,1941-04-24,Swiss,Switzerland
352,352,eaton,,,George,Eaton,George Eaton,1945-11-12,Canadian,Canada
353,353,lovely,,,Pete,Lovely,Pete Lovely,1926-04-11,American,USA
354,354,craft,,,Chris,Craft,Chris Craft,1939-11-17,British,UK
355,355,Cannoc,,,John,Cannon,John Cannon,1933-06-21,Canadian,Canada
356,356,jack_brabham,,,Jack,Brabham,Jack Brabham,1926-04-02,Australian,Australia
357,357,miles,,,John,Miles,John Miles,1943-06-14,British,UK
358,358,rindt,,,Jochen,Rindt,Jochen Rindt,1942-04-18,Austrian,Austria
359,359,gavin,,,Johnny,Servoz-Gavin,Johnny Servoz-Gavin,1942-01-18,French,France
360,360,mclaren,,,Bruce,McLaren,Bruce McLaren,1937-08-30,New Zealander,New Zealand
361,361,courage,,,Piers,Courage,Piers Courage,1942-05-27,British,UK
362,362,klerk,,,Peter,de Klerk,Peter de Klerk,1935-03-16,South African,South Africa
363,363,giunti,,,Ignazio,Giunti,Ignazio Giunti,1941-08-30,Italian,Italy
364,364,gurney,,,Dan,Gurney,Dan Gurney,1931-04-13,American,USA
365,365,hahne,,,Hubert,Hahne,Hubert Hahne,1935-03-28,German,Germany
366,366,hutchison,,,Gus,Hutchison,Gus Hutchison,1937-04-26,American,USA
367,367,westbury,,,Peter,Westbury,Peter Westbury,1938-05-26,British,UK
368,368,tingle,,,Sam,Tingle,Sam Tingle,1921-08-24,Rhodesian,Rhodesia
369,369,rooyen,,,Basil,van Rooyen,Basil van Rooyen,1939-04-19,South African,South Africa
370,370,attwood,,,Richard,Attwood,Richard Attwood,1940-04-04,British,UK
371,371,pease,,,Al,Pease,Al Pease,1921-10-15,Canadian,Canada
372,372,cordts,,,John,Cordts,John Cordts,1935-07-23,Canadian,Canada
373,373,clark,,,Jim,Clark,Jim Clark,1936-03-04,British,UK
374,374,spence,,,Mike,Spence,Mike Spence,1936-12-30,British,UK
375,375,scarfiotti,,,Ludovico,Scarfiotti,Ludovico Scarfiotti,1933-10-18,Italian,Italy
376,376,bianchi,BIA,,Lucien,Bianchi,Lucien Bianchi,1934-11-10,Belgian,Belgium
377,377,jo_schlesser,,,Jo,Schlesser,Jo Schlesser,1928-05-18,French,France
378,378,widdows,,,Robin,Widdows,Robin Widdows,1942-05-27,British,UK
379,379,ahrens,,,Kurt,Ahrens,Kurt Ahrens,1940-04-19,German,Germany
380,380,gardner,,,Frank,Gardner,Frank Gardner,1930-10-01,Australian,Australia
381,381,unser,,,Bobby,Unser,Bobby Unser,1934-02-20,American,USA
382,382,solana,,,Moisés,Solana,Moisés Solana,1935-12-26,Mexican,Mexico
383,383,anderson,,,Bob,Anderson,Bob Anderson,1931-05-19,British,UK
384,384,botha,,,Luki,Botha,Luki Botha,1930-01-16,South African,South Africa
385,385,bandini,,,Lorenzo,Bandini,Lorenzo Bandini,1935-12-21,Italian,Italy
386,386,ginther,,,Richie,Ginther,Richie Ginther,1930-08-05,American,USA
387,387,parkes,,,Mike,Parkes,Mike Parkes,1931-09-24,British,UK
388,388,irwin,,,Chris,Irwin,Chris Irwin,1942-06-27,British,UK
389,389,ligier,,,Guy,Ligier,Guy Ligier,1930-07-12,French,France
390,390,rees,,,Alan,Rees,Alan Rees,1938-01-12,British,UK
391,391,hart,,,Brian,Hart,Brian Hart,1936-09-07,British,UK
392,392,fisher,,,Mike,Fisher,Mike Fisher,1943-03-13,American,USA
393,393,tom_jones,,,Tom,Jones,Tom Jones,1943-04-26,American,USA
394,394,baghetti,,,Giancarlo,Baghetti,Giancarlo Baghetti,1934-12-25,Italian,Italy
395,395,williams,,,Jonathan,Williams,Jonathan Williams,1942-10-26,British,UK
396,396,bondurant,,,Bob,Bondurant,Bob Bondurant,1933-04-27,American,USA
397,397,arundell,,,Peter,Arundell,Peter Arundell,1933-11-08,British,UK
398,398,vic_wilson,,,Vic,Wilson,Vic Wilson,1931-04-14,British,UK
399,399,taylor,,,John,Taylor,John Taylor,1933-03-23,British,UK
400,400,lawrence,,,Chris,Lawrence,Chris Lawrence,1933-07-27,British,UK
401,401,trevor_taylor,,,Trevor,Taylor,Trevor Taylor,1936-12-26,British,UK
402,402,geki,,,Giacomo,Russo,Giacomo Russo,1937-10-23,Italian,Italy
403,403,phil_hill,,,Phil,Hill,Phil Hill,1927-04-20,American,USA
404,404,ireland,,,Innes,Ireland,Innes Ireland,1930-06-12,British,UK
405,405,bucknum,,,Ronnie,Bucknum,Ronnie Bucknum,1936-04-05,American,USA
406,406,hawkins,,,Paul,Hawkins,Paul Hawkins,1937-10-12,Australian,Australia
407,407,prophet,,,David,Prophet,David Prophet,1937-10-09,British,UK
408,408,maggs,,,Tony,Maggs,Tony Maggs,1937-02-09,South African,South Africa
409,409,blokdyk,,,Trevor,Blokdyk,Trevor Blokdyk,1935-11-30,South African,South Africa
410,410,lederle,,,Neville,Lederle,Neville Lederle,1938-09-25,South African,South Africa
411,411,serrurier,,,Doug,Serrurier,Doug Serrurier,1920-12-09,South African,South Africa
412,412,niemann,,,Brausch,Niemann,Brausch Niemann,1939-01-07,South African,South Africa
413,413,pieterse,,,Ernie,Pieterse,Ernie Pieterse,1938-07-04,South African,South Africa
414,414,puzey,,,Clive,Puzey,Clive Puzey,1941-07-11,Rhodesian,Rhodesia
415,415,reed,,,Ray,Reed,Ray Reed,1932-04-30,South African,South Africa
416,416,clapham,,,David,Clapham,David Clapham,1931-05-18,South African,South Africa
417,417,blignaut,,,Alex,Blignaut,Alex Blignaut,1932-11-30,South African,South Africa
418,418,gregory,,,Masten,Gregory,Masten Gregory,1932-02-29,American,USA
419,419,rhodes,,,John,Rhodes,John Rhodes,1927-08-18,British,UK
420,420,raby,,,Ian,Raby,Ian Raby,1921-09-22,British,UK
421,421,rollinson,,,Alan,Rollinson,Alan Rollinson,1943-05-15,British,UK
422,422,gubby,,,Brian,Gubby,Brian Gubby,1934-04-17,British,UK
423,423,mitter,,,Gerhard,Mitter,Gerhard Mitter,1935-08-30,German,Germany
424,424,bussinello,,,Roberto,Bussinello,Roberto Bussinello,1927-10-04,Italian,Italy
425,425,vaccarella,,,Nino,Vaccarella,Nino Vaccarella,1933-03-04,Italian,Italy
426,426,bassi,,,Giorgio,Bassi,Giorgio Bassi,1934-01-20,Italian,Italy
427,427,trintignant,,,Maurice,Trintignant,Maurice Trintignant,1917-10-30,French,France
428,428,collomb,,,Bernard,Collomb,Bernard Collomb,1930-10-07,French,France
429,429,andre_pilette,,,André,Pilette,André Pilette,1918-10-06,Belgian,Belgium
430,430,beaufort,,,Carel Godin,de Beaufort,Carel Godin de Beaufort,1934-04-10,Dutch,Netherlands
431,431,barth,,,Edgar,Barth,Edgar Barth,1917-01-26,German,Germany
432,432,cabral,,,Mário de Araújo,Cabral,Mário de Araújo Cabral,1934-01-15,Portuguese,Portugal
433,433,hansgen,,,Walt,Hansgen,Walt Hansgen,1919-10-28,American,USA
434,434,sharp,,,Hap,Sharp,Hap Sharp,1928-01-01,American,USA
435,435,mairesse,,,Willy,Mairesse,Willy Mairesse,1928-10-01,Belgian,Belgium
436,436,campbell-jones,,,John,Campbell-Jones,John Campbell-Jones,1930-01-21,British,UK
437,437,burgess,,,Ian,Burgess,Ian Burgess,1930-07-06,British,UK
438,438,settember,,,Tony,Settember,Tony Settember,1926-07-10,American,USA
439,439,estefano,,,Nasif,Estéfano,Nasif Estéfano,1932-11-18,Argentine,Argentina
440,440,hall,,,Jim,Hall,Jim Hall,1935-07-23,American,USA
441,441,parnell,,,Tim,Parnell,Tim Parnell,1932-06-25,British,UK
442,442,kuhnke,,,Kurt,Kuhnke,Kurt Kuhnke,1910-04-30,German,Germany
443,443,ernesto_brambilla,,,Ernesto,Brambilla,Ernesto Brambilla,1934-01-31,Italian,Italy
444,444,lippi,,,Roberto,Lippi,Roberto Lippi,1926-10-17,Italian,Italy
445,445,seiffert,,,Günther,Seiffert,Günther Seiffert,1937-10-18,German,Germany
446,446,abate,,,Carlo,Abate,Carlo Abate,1932-07-10,Italian,Italy
447,447,starrabba,,,Gaetano,Starrabba,Gaetano Starrabba,1932-12-03,Italian,Italy
448,448,broeker,,,Peter,Broeker,Peter Broeker,1926-05-15,Canadian,Canada
449,449,ward,,,Rodger,Ward,Rodger Ward,1921-01-10,American,USA
450,450,vos,,,Ernie,de Vos,Ernie de Vos,1941-07-01,Dutch,Netherlands
451,451,dochnal,,,Frank,Dochnal,Frank Dochnal,1920-10-08,American,USA
452,452,monarch,,,Thomas,Monarch,Thomas Monarch,1945-09-03,American,USA
453,842,gasly,GAS,10,Pierre,Gasly,Pierre Gasly,1996-02-07,French,France
454,453,lewis,,,Jackie,Lewis,Jackie Lewis,1936-11-01,British,UK
455,454,ricardo_rodriguez,,,Ricardo,Rodríguez,Ricardo Rodríguez,1942-02-14,Mexican,Mexico
456,455,seidel,,,Wolfgang,Seidel,Wolfgang Seidel,1926-07-04,German,Germany
457,456,salvadori,,,Roy,Salvadori,Roy Salvadori,1922-05-12,British,UK
458,457,pon,,,Ben,Pon,Ben Pon,1936-12-09,Dutch,Netherlands
459,458,slotemaker,,,Rob,Slotemaker,Rob Slotemaker,1929-06-13,Dutch,Netherlands
460,459,marsh,,,Tony,Marsh,Tony Marsh,1931-07-20,British,UK
461,460,ashmore,,,Gerry,Ashmore,Gerry Ashmore,1936-07-25,British,UK
462,461,schiller,,,Heinz,Schiller,Heinz Schiller,1930-01-25,Swiss,Switzerland
463,462,davis,,,Colin,Davis,Colin Davis,1933-07-29,British,UK
464,463,chamberlain,,,Jay,Chamberlain,Jay Chamberlain,1925-12-29,American,USA
465,464,shelly,,,Tony,Shelly,Tony Shelly,1937-02-02,New Zealander,New Zealand
466,465,greene,,,Keith,Greene,Keith Greene,1938-01-05,British,UK
467,466,walter,,,Heini,Walter,Heini Walter,1927-07-28,Swiss,Switzerland
468,467,prinoth,,,Ernesto,Prinoth,Ernesto Prinoth,1923-04-15,Italian,Italy
469,468,penske,,,Roger,Penske,Roger Penske,1937-02-20,American,USA
470,469,schroeder,,,Rob,Schroeder,Rob Schroeder,1926-05-11,British,UK
471,470,mayer,,,Timmy,Mayer,Timmy Mayer,1938-02-22,American,USA
472,471,johnstone,,,Bruce,Johnstone,Bruce Johnstone,1937-01-30,South African,South Africa
473,472,harris,,,Mike,Harris,Mike Harris,1939-05-25,South African,South Africa
474,473,hocking,,,Gary,Hocking,Gary Hocking,1937-09-30,Rhodesian,Rhodesia
475,474,vyver,,,Syd,van der Vyver,Syd van der Vyver,1920-06-01,South African,South Africa
476,475,moss,,,Stirling,Moss,Stirling Moss,1929-09-17,British,UK
477,476,trips,,,Wolfgang,von Trips,Wolfgang von Trips,1928-05-04,German,Germany
478,477,allison,,,Cliff,Allison,Cliff Allison,1932-02-08,British,UK
479,478,herrmann,,,Hans,Herrmann,Hans Herrmann,1928-02-23,German,Germany
480,479,brooks,,,Tony,Brooks,Tony Brooks,1932-02-25,British,UK
481,480,may,,,Michael,May,Michael May,1934-08-18,Swiss,Switzerland
482,481,henry_taylor,,,Henry,Taylor,Henry Taylor,1932-12-16,British,UK
483,482,gendebien,,,Olivier,Gendebien,Olivier Gendebien,1924-01-12,Belgian,Belgium
484,483,scarlatti,,,Giorgio,Scarlatti,Giorgio Scarlatti,1921-10-02,Italian,Italy
485,484,naylor,,,Brian,Naylor,Brian Naylor,1923-03-24,British,UK
486,485,bordeu,,,Juan Manuel,Bordeu,Juan Manuel Bordeu,1934-01-28,Argentine,Argentina
487,486,fairman,,,Jack,Fairman,Jack Fairman,1913-03-15,British,UK
488,487,natili,,,Massimo,Natili,Massimo Natili,1935-07-28,Italian,Italy
489,488,monteverdi,,,Peter,Monteverdi,Peter Monteverdi,1934-06-07,Swiss,Switzerland
490,489,pirocchi,,,Renato,Pirocchi,Renato Pirocchi,1933-03-26,Italian,Italy
491,490,duke,,,Geoff,Duke,Geoff Duke,1923-03-29,British,UK
492,491,thiele,,,Alfonso,Thiele,Alfonso Thiele,1920-04-05,American-Italian,USA
493,492,boffa,,,Menato,Boffa,Menato Boffa,1930-01-04,Italian,Italy
494,493,ryan,,,Peter,Ryan,Peter Ryan,1940-06-10,Canadian,Canada
495,494,ruby,,,Lloyd,Ruby,Lloyd Ruby,1928-01-12,American,USA
496,495,ken_miles,,,Ken,Miles,Ken Miles,1918-11-01,British,UK
497,496,menditeguy,,,Carlos,Menditeguy,Carlos Menditeguy,1914-08-10,Argentine,Argentina
498,497,larreta,,,Alberto Rodriguez,Larreta,Alberto Rodriguez Larreta,1934-01-14,Argentine,Argentina
499,498,gonzalez,,,José Froilán,González,José Froilán González,1922-10-05,Argentine,Argentina
500,499,bonomi,,,Roberto,Bonomi,Roberto Bonomi,1919-09-30,Argentine,Argentina
501,500,munaron,,,Gino,Munaron,Gino Munaron,1928-04-02,Italian,Italy
502,501,schell,,,Harry,Schell,Harry Schell,1921-06-29,American,USA
503,502,stacey,,,Alan,Stacey,Alan Stacey,1933-08-29,British,UK
504,503,chimeri,,,Ettore,Chimeri,Ettore Chimeri,1921-06-04,Venezuelan,Venezuela
505,504,creus,,,Antonio,Creus,Antonio Creus,1924-10-28,Spanish,Spain
506,505,bristow,,,Chris,Bristow,Chris Bristow,1937-12-02,British,UK
507,506,halford,,,Bruce,Halford,Bruce Halford,1931-05-18,British,UK
508,507,daigh,,,Chuck,Daigh,Chuck Daigh,1923-11-29,American,USA
509,508,reventlow,,,Lance,Reventlow,Lance Reventlow,1936-02-24,American,USA
510,509,rathmann,,,Jim,Rathmann,Jim Rathmann,1928-07-16,American,USA
511,510,goldsmith,,,Paul,Goldsmith,Paul Goldsmith,1925-10-02,American,USA
512,511,branson,,,Don,Branson,Don Branson,1920-06-02,American,USA
513,512,thomson,,,Johnny,Thomson,Johnny Thomson,1922-04-09,American,USA
514,513,johnson,,,Eddie,Johnson,Eddie Johnson,1919-02-10,American,USA
515,514,veith,,,Bob,Veith,Bob Veith,1926-11-01,American,USA
516,515,tingelstad,,,Bud,Tingelstad,Bud Tingelstad,1928-04-04,American,USA
517,516,christie,,,Bob,Christie,Bob Christie,1924-04-04,American,USA
518,517,amick,,,Red,Amick,Red Amick,1929-01-19,American,USA
519,518,darter,,,Duane,Carter,Duane Carter,1913-05-05,American,USA
520,519,homeier,,,Bill,Homeier,Bill Homeier,1918-08-31,American,USA
521,520,hartley,,,Gene,Hartley,Gene Hartley,1926-01-28,American,USA
522,521,stevenson,,,Chuck,Stevenson,Chuck Stevenson,1919-10-15,American,USA
523,522,grim,,,Bobby,Grim,Bobby Grim,1924-09-04,American,USA
524,523,templeman,,,Shorty,Templeman,Shorty Templeman,1919-08-12,American,USA
525,524,hurtubise,,,Jim,Hurtubise,Jim Hurtubise,1932-12-05,American,USA
526,525,bryan,,,Jimmy,Bryan,Jimmy Bryan,1926-01-28,American,USA
527,526,ruttman,,,Troy,Ruttman,Troy Ruttman,1930-03-11,American,USA
528,527,sachs,,,Eddie,Sachs,Eddie Sachs,1927-05-28,American,USA
529,528,freeland,,,Don,Freeland,Don Freeland,1925-03-25,American,USA
530,529,bettenhausen,,,Tony,Bettenhausen,Tony Bettenhausen,1916-09-12,American,USA
531,530,weiler,,,Wayne,Weiler,Wayne Weiler,1934-12-09,American,USA
532,531,foyt,,,Anthony,Foyt,Anthony Foyt,1935-01-16,American,USA
533,532,russo,,,Eddie,Russo,Eddie Russo,1925-11-19,American,USA
534,533,boyd,,,Johnny,Boyd,Johnny Boyd,1926-08-19,American,USA
535,534,force,,,Gene,Force,Gene Force,1916-06-15,American,USA
536,535,mcwithey,,,Jim,McWithey,Jim McWithey,1927-07-04,American,USA
537,536,sutton,,,Len,Sutton,Len Sutton,1925-08-09,American,USA
538,537,dick_rathmann,,,Dick,Rathmann,Dick Rathmann,1924-01-06,American,USA
539,538,herman,,,Al,Herman,Al Herman,1927-03-15,American,USA
540,539,dempsey_wilson,,,Dempsey,Wilson,Dempsey Wilson,1927-03-11,American,USA
541,540,mike_taylor,,,Mike,Taylor,Mike Taylor,1934-04-24,British,UK
542,541,flockhart,,,Ron,Flockhart,Ron Flockhart,1923-06-16,British,UK
543,542,piper,,,David,Piper,David Piper,1930-12-02,British,UK
544,543,cabianca,,,Giulio,Cabianca,Giulio Cabianca,1923-02-19,Italian,Italy
545,544,drogo,,,Piero,Drogo,Piero Drogo,1926-08-08,Italian,Italy
546,545,gamble,,,Fred,Gamble,Fred Gamble,1932-03-17,American,USA
547,546,owen,,,Arthur,Owen,Arthur Owen,1915-03-23,British,UK
548,547,gould,,,Horace,Gould,Horace Gould,1918-09-20,British,UK
549,548,drake,,,Bob,Drake,Bob Drake,1919-12-14,American,USA
550,549,bueb,,,Ivor,Bueb,Ivor Bueb,1923-06-06,British,UK
551,550,Changy,,,Alain,de Changy,Alain de Changy,1922-02-05,Belgian,Belgium
552,551,filippis,,,Maria,de Filippis,Maria de Filippis,1926-11-11,Italian,Italy
553,552,lucienbonnet,,,Jean,Lucienbonnet,Jean Lucienbonnet,1923-01-07,French,France
554,553,testut,,,André,Testut,André Testut,1926-04-13,Monegasque,Monaco
555,554,behra,,,Jean,Behra,Jean Behra,1921-02-16,French,France
556,555,paul_russo,,,Paul,Russo,Paul Russo,1914-04-10,American,USA
557,556,daywalt,,,Jimmy,Daywalt,Jimmy Daywalt,1924-08-28,American,USA
558,557,arnold,,,Chuck,Arnold,Chuck Arnold,1926-05-30,American,USA
559,558,keller,,,Al,Keller,Al Keller,1920-04-11,American,USA
560,559,flaherty,,,Pat,Flaherty,Pat Flaherty,1926-01-06,American,USA
561,560,cheesbourg,,,Bill,Cheesbourg,Bill Cheesbourg,1927-06-12,American,USA
562,561,ray_crawford,,,Ray,Crawford,Ray Crawford,1915-10-26,American,USA
563,562,turner,,,Jack,Turner,Jack Turner,1920-02-12,American,USA
564,563,weyant,,,Chuck,Weyant,Chuck Weyant,1923-04-03,American,USA
565,564,larson,,,Jud,Larson,Jud Larson,1923-01-21,American,USA
566,565,magill,,,Mike,Magill,Mike Magill,1920-02-08,American,USA
567,566,shelby,,,Carroll,Shelby,Carroll Shelby,1923-01-11,American,USA
568,567,orey,,,Fritz,d'Orey,Fritz d'Orey,1938-03-25,Brazilian,Brazil
569,568,fontes,,,Azdrubal,Fontes,Azdrubal Fontes,1922-12-26,Uruguayan,Uruguay
570,569,ashdown,,,Peter,Ashdown,Peter Ashdown,1934-10-16,British,UK
571,570,bill_moss,,,Bill,Moss,Bill Moss,1933-09-04,British,UK
572,571,dennis_taylor,,,Dennis,Taylor,Dennis Taylor,1921-06-12,British,UK
573,572,blanchard,,,Harry,Blanchard,Harry Blanchard,1929-06-13,American,USA
574,573,tomaso,,,Alessandro,de Tomaso,Alessandro de Tomaso,1928-07-10,Argentine-Italian,Argentina
575,574,constantine,,,George,Constantine,George Constantine,1918-02-22,American,USA
576,575,said,,,Bob,Said,Bob Said,1932-05-05,American,USA
577,576,cade,,,Phil,Cade,Phil Cade,1916-06-12,American,USA
578,577,musso,,,Luigi,Musso,Luigi Musso,1924-07-28,Italian,Italy
579,578,hawthorn,,,Mike,Hawthorn,Mike Hawthorn,1929-04-10,British,UK
580,579,fangio,,,Juan,Fangio,Juan Fangio,1911-06-24,Argentine,Argentina
581,580,godia,,,Paco,Godia,Paco Godia,1921-03-21,Spanish,Spain
582,581,collins,,,Peter,Collins,Peter Collins,1931-11-06,British,UK
583,582,kavanagh,,,Ken,Kavanagh,Ken Kavanagh,1923-12-12,Australian,Australia
584,583,gerini,,,Gerino,Gerini,Gerino Gerini,1928-08-10,Italian,Italy
585,584,kessler,,,Bruce,Kessler,Bruce Kessler,1936-03-23,American,USA
586,585,emery,,,Paul,Emery,Paul Emery,1916-11-12,British,UK
587,586,piotti,,,Luigi,Piotti,Luigi Piotti,1913-10-27,Italian,Italy
588,587,ecclestone,,,Bernie,Ecclestone,Bernie Ecclestone,1930-10-28,British,UK
589,588,taramazzo,,,Luigi,Taramazzo,Luigi Taramazzo,1932-05-05,Italian,Italy
590,589,chiron,,,Louis,Chiron,Louis Chiron,1899-08-03,Monegasque,Monaco
591,590,lewis-evans,,,Stuart,Lewis-Evans,Stuart Lewis-Evans,1930-04-20,British,UK
592,591,george_amick,,,George,Amick,George Amick,1924-10-24,American,USA
593,592,reece,,,Jimmy,Reece,Jimmy Reece,1929-11-17,American,USA
594,593,parsons,,,Johnnie,Parsons,Johnnie Parsons,1918-07-04,American,USA
595,594,tolan,,,Johnnie,Tolan,Johnnie Tolan,1917-10-22,American,USA
596,595,garrett,,,Billy,Garrett,Billy Garrett,1933-04-24,American,USA
597,596,elisian,,,Ed,Elisian,Ed Elisian,1926-12-09,American,USA
598,597,connor,,,Pat,O'Connor,Pat O'Connor,1928-10-09,American,USA
599,598,jerry_unser,,,Jerry,Unser,Jerry Unser,1932-11-15,American,USA
600,599,bisch,,,Art,Bisch,Art Bisch,1926-11-10,American,USA
601,600,goethals,,,Christian,Goethals,Christian Goethals,1928-08-04,Belgian,Belgium
602,601,gibson,,,Dick,Gibson,Dick Gibson,1918-04-16,British,UK
603,602,la_caze,,,Robert,La Caze,Robert La Caze,1917-02-26,French,France
604,603,guelfi,,,André,Guelfi,André Guelfi,1919-05-06,French,France
605,604,picard,,,François,Picard,François Picard,1921-04-26,French,France
606,605,bridger,,,Tom,Bridger,Tom Bridger,1934-06-24,British,UK
607,606,portago,,,Alfonso,de Portago,Alfonso de Portago,1928-10-11,Spanish,Spain
608,607,perdisa,,,Cesare,Perdisa,Cesare Perdisa,1932-10-21,Italian,Italy
609,608,castellotti,,,Eugenio,Castellotti,Eugenio Castellotti,1930-10-10,Italian,Italy
610,609,simon,,,André,Simon,André Simon,1920-01-05,French,France
611,610,leston,,,Les,Leston,Les Leston,1920-12-16,British,UK
612,611,hanks,,,Sam,Hanks,Sam Hanks,1914-07-13,American,USA
613,612,linden,,,Andy,Linden,Andy Linden,1922-04-05,American,USA
614,613,teague,,,Marshall,Teague,Marshall Teague,1921-02-22,American,USA
615,614,edmunds,,,Don,Edmunds,Don Edmunds,1930-09-23,American,USA
616,615,agabashian,,,Fred,Agabashian,Fred Agabashian,1913-08-21,American,USA
617,616,george,,,Elmer,George,Elmer George,1928-07-15,American,USA
618,617,macdowel,,,Mike,MacDowel,Mike MacDowel,1932-09-13,British,UK
619,618,mackay-fraser,,,Herbert,MacKay-Fraser,Herbert MacKay-Fraser,1927-06-23,American,USA
620,619,gerard,,,Bob,Gerard,Bob Gerard,1914-01-19,British,UK
621,620,maglioli,,,Umberto,Maglioli,Umberto Maglioli,1928-06-05,Italian,Italy
622,621,england,,,Paul,England,Paul England,1929-03-28,Australian,Australia
623,622,landi,,,Chico,Landi,Chico Landi,1907-07-14,Brazilian,Brazil
624,623,uria,,,Alberto,Uria,Alberto Uria,1924-07-11,Uruguayan,Uruguay
625,624,ramos,,,Hernando,da Silva Ramos,Hernando da Silva Ramos,1925-12-07,Brazilian,Brazil
626,625,bayol,,,Élie,Bayol,Élie Bayol,1914-02-28,French,France
627,626,manzon,,,Robert,Manzon,Robert Manzon,1917-04-12,French,France
628,627,rosier,,,Louis,Rosier,Louis Rosier,1905-11-05,French,France
629,628,sweikert,,,Bob,Sweikert,Bob Sweikert,1926-05-20,American,USA
630,629,griffith,,,Cliff,Griffith,Cliff Griffith,1916-02-06,American,USA
631,630,dinsmore,,,Duke,Dinsmore,Duke Dinsmore,1913-04-10,American,USA
632,631,andrews,,,Keith,Andrews,Keith Andrews,1920-06-15,American,USA
633,632,frere,,,Paul,Frère,Paul Frère,1917-01-30,Belgian,Belgium
634,633,villoresi,,,Luigi,Villoresi,Luigi Villoresi,1909-05-16,Italian,Italy
635,634,scotti,,,Piero,Scotti,Piero Scotti,1909-11-11,Italian,Italy
636,635,chapman,,,Colin,Chapman,Colin Chapman,1928-05-19,British,UK
637,636,titterington,,,Desmond,Titterington,Desmond Titterington,1928-05-01,British,UK
638,637,scott_Brown,,,Archie,Scott Brown,Archie Scott Brown,1927-05-13,British,UK
639,638,volonterio,,,Ottorino,Volonterio,Ottorino Volonterio,1917-12-07,Swiss,Switzerland
640,639,milhoux,,,André,Milhoux,André Milhoux,1928-12-09,Belgian,Belgium
641,640,graffenried,,,Toulo,de Graffenried,Toulo de Graffenried,1914-05-18,Swiss,Switzerland
642,641,taruffi,,,Piero,Taruffi,Piero Taruffi,1906-10-12,Italian,Italy
643,642,farina,,,Nino,Farina,Nino Farina,1906-10-30,Italian,Italy
644,643,mieres,,,Roberto,Mieres,Roberto Mieres,1924-12-03,Argentine,Argentina
645,644,mantovani,,,Sergio,Mantovani,Sergio Mantovani,1929-05-22,Italian,Italy
646,645,bucci,,,Clemar,Bucci,Clemar Bucci,1920-09-04,Argentine,Argentina
647,646,iglesias,,,Jesús,Iglesias,Jesús Iglesias,1922-02-22,Argentine,Argentina
648,647,ascari,,,Alberto,Ascari,Alberto Ascari,1918-07-13,Italian,Italy
649,648,kling,,,Karl,Kling,Karl Kling,1910-09-16,German,Germany
650,649,birger,,,Pablo,Birger,Pablo Birger,1924-01-07,Argentine,Argentina
651,650,pollet,,,Jacques,Pollet,Jacques Pollet,1922-07-02,French,France
652,651,macklin,,,Lance,Macklin,Lance Macklin,1919-09-02,British,UK
653,652,whiteaway,,,Ted,Whiteaway,Ted Whiteaway,1928-11-01,British,UK
654,653,davies,,,Jimmy,Davies,Jimmy Davies,1929-08-08,American,USA
655,654,faulkner,,,Walt,Faulkner,Walt Faulkner,1920-02-16,American,USA
656,655,niday,,,Cal,Niday,Cal Niday,1914-04-29,American,USA
657,656,cross,,,Art,Cross,Art Cross,1918-01-24,American,USA
658,657,vukovich,,,Bill,Vukovich,Bill Vukovich,1918-12-13,American,USA
659,658,mcgrath,,,Jack,McGrath,Jack McGrath,1919-10-08,American,USA
660,659,hoyt,,,Jerry,Hoyt,Jerry Hoyt,1929-01-29,American,USA
661,660,claes,,,Johnny,Claes,Johnny Claes,1916-08-11,Belgian,Belgium
662,661,peter_walker,,,Peter,Walker,Peter Walker,1912-10-07,British,UK
663,662,sparken,,,Mike,Sparken,Mike Sparken,1930-06-16,French,France
664,663,wharton,,,Ken,Wharton,Ken Wharton,1916-03-21,British,UK
665,664,mcalpine,,,Kenneth,McAlpine,Kenneth McAlpine,1920-09-21,British,UK
666,665,marr,,,Leslie,Marr,Leslie Marr,1922-08-14,British,UK
667,666,rolt,,,Tony,Rolt,Tony Rolt,1918-10-16,British,UK
668,667,fitch,,,John,Fitch,John Fitch,1917-08-04,American,USA
669,668,lucas,,,Jean,Lucas,Jean Lucas,1917-04-25,French,France
670,669,bira,,,Prince,Bira,Prince Bira,1914-07-15,Thai,Thailand
671,670,marimon,,,Onofre,Marimón,Onofre Marimón,1923-12-19,Argentine,Argentina
672,671,loyer,,,Roger,Loyer,Roger Loyer,1907-08-05,French,France
673,672,daponte,,,Jorge,Daponte,Jorge Daponte,1923-06-05,Argentine,Argentina
674,673,nazaruk,,,Mike,Nazaruk,Mike Nazaruk,1921-10-02,American,USA
675,674,crockett,,,Larry,Crockett,Larry Crockett,1926-10-23,American,USA
676,675,ayulo,,,Manny,Ayulo,Manny Ayulo,1921-10-20,American,USA
677,676,armi,,,Frank,Armi,Frank Armi,1918-10-12,American,USA
678,677,webb,,,Travis,Webb,Travis Webb,1910-10-08,American,USA
679,678,duncan,,,Len,Duncan,Len Duncan,1911-07-25,American,USA
680,679,mccoy,,,Ernie,McCoy,Ernie McCoy,1921-02-19,American,USA
681,680,swaters,,,Jacques,Swaters,Jacques Swaters,1926-10-30,American,USA
682,681,georges_berger,,,Georges,Berger,Georges Berger,1918-09-14,Belgian,Belgium
683,682,beauman,,,Don,Beauman,Don Beauman,1928-07-26,British,UK
684,683,thorne,,,Leslie,Thorne,Leslie Thorne,1916-06-23,British,UK
685,684,whitehouse,,,Bill,Whitehouse,Bill Whitehouse,1909-04-01,British,UK
686,685,riseley_prichard,,,John,Riseley-Prichard,John Riseley-Prichard,1924-01-17,British,UK
687,686,reg_parnell,,,Reg,Parnell,Reg Parnell,1911-07-02,British,UK
688,687,whitehead,,,Peter,Whitehead,Peter Whitehead,1914-11-12,British,UK
689,688,brandon,,,Eric,Brandon,Eric Brandon,1920-07-18,British,UK
690,689,alan_brown,,,Alan,Brown,Alan Brown,1919-11-20,British,UK
691,690,nuckey,,,Rodney,Nuckey,Rodney Nuckey,1929-06-26,British,UK
692,691,lang,,,Hermann,Lang,Hermann Lang,1909-04-06,German,Germany
693,692,helfrich,,,Theo,Helfrich,Theo Helfrich,1913-05-13,German,Germany
694,693,wacker,,,Fred,Wacker,Fred Wacker,1918-07-10,American,USA
695,694,riu,,,Giovanni,de Riu,Giovanni de Riu,1925-03-10,Italian,Italy
696,695,galvez,,,Oscar,Gálvez,Oscar Gálvez,1913-08-17,Argentine,Argentina
697,696,john_barber,,,John,Barber,John Barber,1929-07-22,British,UK
698,697,bonetto,,,Felice,Bonetto,Felice Bonetto,1903-06-09,Italian,Italy
699,698,cruz,,,Adolfo,Cruz,Adolfo Cruz,1923-06-28,Argentine,Argentina
700,699,nalon,,,Duke,Nalon,Duke Nalon,1913-03-02,American,USA
701,700,scarborough,,,Carl,Scarborough,Carl Scarborough,1914-07-03,American,USA
702,701,holland,,,Bill,Holland,Bill Holland,1907-12-18,American,USA
703,702,bob_scott,,,Bob,Scott,Bob Scott,1928-10-04,American,USA
704,703,legat,,,Arthur,Legat,Arthur Legat,1898-11-01,Belgian,Belgium
705,704,cabantous,,,Yves,Cabantous,Yves Cabantous,1904-10-08,French,France
706,705,crook,,,Tony,Crook,Tony Crook,1920-02-16,British,UK
707,706,jimmy_stewart,,,Jimmy,Stewart,Jimmy Stewart,1931-03-06,British,UK
708,707,ian_stewart,,,Ian,Stewart,Ian Stewart,1929-07-15,British,UK
709,708,duncan_hamilton,,,Duncan,Hamilton,Duncan Hamilton,1920-04-30,British,UK
710,709,klodwig,,,Ernst,Klodwig,Ernst Klodwig,1903-05-23,East German,Germany
711,710,krause,,,Rudolf,Krause,Rudolf Krause,1907-03-30,East German,Germany
712,711,karch,,,Oswald,Karch,Oswald Karch,1917-03-06,German,Germany
713,712,heeks,,,Willi,Heeks,Willi Heeks,1922-02-13,German,Germany
714,713,fitzau,,,Theo,Fitzau,Theo Fitzau,1923-02-10,East German,Germany
715,714,adolff,,,Kurt,Adolff,Kurt Adolff,1921-11-05,German,Germany
716,715,bechem,,,Günther,Bechem,Günther Bechem,1921-12-21,German,Germany
717,716,bauer,,,Erwin,Bauer,Erwin Bauer,1912-07-17,German,Germany
718,717,hans_stuck,,,Hans,von Stuck,Hans von Stuck,1900-12-27,German,Germany
719,718,loof,,,Ernst,Loof,Ernst Loof,1907-07-04,German,Germany
720,719,scherrer,,,Albert,Scherrer,Albert Scherrer,1908-02-28,Swiss,Switzerland
721,720,terra,,,Max,de Terra,Max de Terra,1918-10-06,Swiss,Switzerland
722,721,hirt,,,Peter,Hirt,Peter Hirt,1910-03-30,Swiss,Switzerland
723,722,carini,,,Piero,Carini,Piero Carini,1921-03-06,Italian,Italy
724,723,fischer,,,Rudi,Fischer,Rudi Fischer,1912-04-19,Swiss,Switzerland
725,724,ulmen,,,Toni,Ulmen,Toni Ulmen,1906-01-25,German,Germany
726,725,abecassis,,,George,Abecassis,George Abecassis,1913-03-21,British,UK
727,726,george_connor,,,George,Connor,George Connor,1906-08-16,American,USA
728,727,rigsby,,,Jim,Rigsby,Jim Rigsby,1923-06-06,American,USA
729,728,james,,,Joe,James,Joe James,1925-05-23,American,USA
730,729,schindler,,,Bill,Schindler,Bill Schindler,1909-03-06,American,USA
731,730,fonder,,,George,Fonder,George Fonder,1917-06-22,American,USA
732,731,banks,,,Henry,Banks,Henry Banks,1913-06-14,American,USA
733,732,mcdowell,,,Johnny,McDowell,Johnny McDowell,1915-01-29,American,USA
734,733,miller,,,Chet,Miller,Chet Miller,1902-07-19,American,USA
735,734,ball,,,Bobby,Ball,Bobby Ball,1925-08-26,American,USA
736,735,tornaco,,,Charles,de Tornaco,Charles de Tornaco,1927-06-07,Belgian,Belgium
737,736,laurent,,,Roger,Laurent,Roger Laurent,1913-02-21,Belgian,Belgium
738,737,obrien,,,Robert,O'Brien,Robert O'Brien,1908-04-11,American,USA
739,738,gaze,,,Tony,Gaze,Tony Gaze,1920-02-03,Australian,Australia
740,739,charrington,,,Robin,Montgomerie-Charrington,Robin Montgomerie-Charrington,1915-06-23,British,UK
741,740,comotti,,,Franco,Comotti,Franco Comotti,1906-07-24,Italian,Italy
742,741,etancelin,,,Philippe,Étancelin,Philippe Étancelin,1896-12-28,French,France
743,742,poore,,,Dennis,Poore,Dennis Poore,1916-08-19,British,UK
744,743,thompson,,,Eric,Thompson,Eric Thompson,1919-11-04,British,UK
745,744,downing,,,Ken,Downing,Ken Downing,1917-12-05,British,UK
746,745,graham_whitehead,,,Graham,Whitehead,Graham Whitehead,1922-04-15,British,UK
747,746,bianco,,,Gino,Bianco,Gino Bianco,1916-07-22,Brazilian,Brazil
748,747,murray,,,David,Murray,David Murray,1909-12-28,British,UK
749,748,cantoni,,,Eitel,Cantoni,Eitel Cantoni,1906-10-04,Uruguayan,Uruguay
750,749,aston,,,Bill,Aston,Bill Aston,1900-03-29,British,UK
751,750,brudes,,,Adolf,Brudes,Adolf Brudes,1899-10-15,German,Germany
752,751,riess,,,Fritz,Riess,Fritz Riess,1922-07-11,German,Germany
753,752,niedermayr,,,Helmut,Niedermayr,Helmut Niedermayr,1915-11-29,German,Germany
754,753,klenk,,,Hans,Klenk,Hans Klenk,1919-10-28,German,Germany
755,754,balsa,,,Marcel,Balsa,Marcel Balsa,1909-01-01,French,France
756,755,schoeller,,,Rudolf,Schoeller,Rudolf Schoeller,1902-04-27,Swiss,Switzerland
757,756,pietsch,,,Paul,Pietsch,Paul Pietsch,1911-06-20,German,Germany
758,757,peters,,,Josef,Peters,Josef Peters,1914-09-16,German,Germany
759,758,lof,,,Dries,van der Lof,Dries van der Lof,1919-08-23,Dutch,Netherlands
760,759,flinterman,,,Jan,Flinterman,Jan Flinterman,1919-10-02,Dutch,Netherlands
761,760,dusio,,,Piero,Dusio,Piero Dusio,1899-10-13,Italian,Italy
762,761,crespo,,,Alberto,Crespo,Alberto Crespo,1920-01-16,Argentine,Argentina
763,762,rol,,,Franco,Rol,Franco Rol,1908-06-05,Italian,Italy
764,763,sanesi,,,Consalvo,Sanesi,Consalvo Sanesi,1911-03-28,Italian,Italy
765,764,guy_mairesse,,,Guy,Mairesse,Guy Mairesse,1910-08-10,French,France
766,765,louveau,,,Henri,Louveau,Henri Louveau,1910-01-25,French,France
767,766,wallard,,,Lee,Wallard,Lee Wallard,1910-09-07,American,USA
768,767,forberg,,,Carl,Forberg,Carl Forberg,1911-03-04,American,USA
769,768,rose,,,Mauri,Rose,Mauri Rose,1906-05-26,American,USA
770,769,mackey,,,Bill,Mackey,Bill Mackey,1927-12-15,American,USA
771,770,green,,,Cecil,Green,Cecil Green,1919-09-30,American,USA
772,771,walt_brown,,,Walt,Brown,Walt Brown,1911-12-30,American,USA
773,772,hellings,,,Mack,Hellings,Mack Hellings,1915-09-14,American,USA
774,773,levegh,,,Pierre,Levegh,Pierre Levegh,1905-12-22,French,France
775,774,chaboud,,,Eugène,Chaboud,Eugène Chaboud,1907-04-12,French,France
776,775,gordini,,,Aldo,Gordini,Aldo Gordini,1921-05-20,French,France
777,776,kelly,,,Joe,Kelly,Joe Kelly,1913-03-13,Irish,Ireland
778,777,parker,,,Philip,Fotheringham-Parker,Philip Fotheringham-Parker,1907-09-22,British,UK
779,778,shawe_taylor,,,Brian,Shawe Taylor,Brian Shawe Taylor,1915-01-28,British,UK
780,779,john_james,,,John,James,John James,1914-05-10,British,UK
781,780,branca,,,Toni,Branca,Toni Branca,1916-09-15,Swiss,Switzerland
782,781,richardson,,,Ken,Richardson,Ken Richardson,1911-08-21,British,UK
783,782,jover,,,Juan,Jover,Juan Jover,1903-11-23,Spanish,Spain
784,783,grignard,,,Georges,Grignard,Georges Grignard,1905-07-25,French,France
785,784,hampshire,,,David,Hampshire,David Hampshire,1917-12-29,British,UK
786,785,crossley,,,Geoff,Crossley,Geoff Crossley,1921-05-11,British,UK
787,786,fagioli,,,Luigi,Fagioli,Luigi Fagioli,1898-06-09,Italian,Italy
788,787,harrison,,,Cuth,Harrison,Cuth Harrison,1906-07-06,British,UK
789,788,fry,,,Joe,Fry,Joe Fry,1915-10-26,British,UK
790,789,martin,,,Eugène,Martin,Eugène Martin,1915-03-24,French,France
791,790,leslie_johnson,,,Leslie,Johnson,Leslie Johnson,1912-03-22,British,UK
792,791,biondetti,,,Clemente,Biondetti,Clemente Biondetti,1898-08-18,Italian,Italy
793,792,pian,,,Alfredo,Pián,Alfredo Pián,1912-10-21,Argentine,Argentina
794,793,sommer,,,Raymond,Sommer,Raymond Sommer,1906-08-31,French,France
795,794,chitwood,,,Joie,Chitwood,Joie Chitwood,1912-04-14,American,USA
796,795,fohr,,,Myron,Fohr,Myron Fohr,1912-06-17,American,USA
797,796,ader,,,Walt,Ader,Walt Ader,1913-12-15,American,USA
798,797,holmes,,,Jackie,Holmes,Jackie Holmes,1920-09-04,American,USA
799,798,levrett,,,Bayliss,Levrett,Bayliss Levrett,1914-02-14,American,USA
800,799,jackson,,,Jimmy,Jackson,Jimmy Jackson,1910-07-25,American,USA
801,800,pagani,,,Nello,Pagani,Nello Pagani,1911-10-11,Italian,Italy
802,801,pozzi,,,Charles,Pozzi,Charles Pozzi,1909-08-27,French,France
803,802,serafini,,,Dorino,Serafini,Dorino Serafini,1909-07-22,Italian,Italy
804,803,cantrell,,,Bill,Cantrell,Bill Cantrell,1908-01-31,American,USA
805,804,mantz,,,Johnny,Mantz,Johnny Mantz,1918-09-18,American,USA
806,805,kladis,,,Danny,Kladis,Danny Kladis,1917-02-10,American,USA
807,806,oscar_gonzalez,,,Óscar,González,Óscar González,1923-11-10,Uruguayan,Uruguay
808,807,hulkenberg,HUL,27,Nico,Hülkenberg,Nico Hülkenberg,1987-08-19,German,Germany
809,808,petrov,PET,,Vitaly,Petrov,Vitaly Petrov,1984-09-08,Russian,Russia
810,810,grassi,DIG,,Lucas,di Grassi,Lucas di Grassi,1984-08-11,Brazilian,Brazil
811,811,bruno_senna,SEN,,Bruno,Senna,Bruno Senna,1983-10-15,Brazilian,Brazil
812,812,chandhok,CHA,,Karun,Chandhok,Karun Chandhok,1984-01-19,Indian,India
813,813,maldonado,MAL,13,Pastor,Maldonado,Pastor Maldonado,1985-03-09,Venezuelan,Venezuela
814,814,resta,DIR,40,Paul,di Resta,Paul di Resta,1986-04-16,British,UK
815,815,perez,PER,11,Sergio,Pérez,Sergio Pérez,1990-01-26,Mexican,Mexico
816,816,ambrosio,DAM,,Jérôme,d'Ambrosio,Jérôme d'Ambrosio,1985-12-27,Belgian,Belgium
817,817,ricciardo,RIC,3,Daniel,Ricciardo,Daniel Ricciardo,1989-07-01,Australian,Australia
818,818,vergne,VER,25,Jean-Éric,Vergne,Jean-Éric Vergne,1990-04-25,French,France
819,819,pic,PIC,,Charles,Pic,Charles Pic,1990-02-15,French,France
820,820,chilton,CHI,4,Max,Chilton,Max Chilton,1991-04-21,British,UK
821,821,gutierrez,GUT,21,Esteban,Gutiérrez,Esteban Gutiérrez,1991-08-05,Mexican,Mexico
822,822,bottas,BOT,77,Valtteri,Bottas,Valtteri Bottas,1989-08-28,Finnish,Finland
823,823,garde,VDG,,Giedo,van der Garde,Giedo van der Garde,1985-04-25,Dutch,Netherlands
824,824,jules_bianchi,BIA,17,Jules,Bianchi,Jules Bianchi,1989-08-03,French,France
825,825,kevin_magnussen,MAG,20,Kevin,Magnussen,Kevin Magnussen,1992-10-05,Danish,Denmark
826,826,kvyat,KVY,26,Daniil,Kvyat,Daniil Kvyat,1994-04-26,Russian,Russia
827,827,lotterer,LOT,45,André,Lotterer,André Lotterer,1981-11-19,German,Germany
828,828,ericsson,ERI,9,Marcus,Ericsson,Marcus Ericsson,1990-09-02,Swedish,Sweden
829,829,stevens,STE,28,Will,Stevens,Will Stevens,1991-06-28,British,UK
830,830,max_verstappen,VER,33,Max,Verstappen,Max Verstappen,1997-09-30,Dutch,Netherlands
831,831,nasr,NAS,12,Felipe,Nasr,Felipe Nasr,1992-08-21,Brazilian,Brazil
832,832,sainz,SAI,55,Carlos,Sainz,Carlos Sainz,1994-09-01,Spanish,Spain
833,833,merhi,MER,98,Roberto,Merhi,Roberto Merhi,1991-03-22,Spanish,Spain
834,834,rossi,RSS,53,Alexander,Rossi,Alexander Rossi,1991-09-25,American,USA
835,835,jolyon_palmer,PAL,30,Jolyon,Palmer,Jolyon Palmer,1991-01-20,British,UK
836,836,wehrlein,WEH,94,Pascal,Wehrlein,Pascal Wehrlein,1994-10-18,German,Germany
837,837,haryanto,HAR,88,Rio,Haryanto,Rio Haryanto,1993-01-22,Indonesian,Indonesia
838,838,vandoorne,VAN,2,Stoffel,Vandoorne,Stoffel Vandoorne,1992-03-26,Belgian,Belgium
839,839,ocon,OCO,31,Esteban,Ocon,Esteban Ocon,1996-09-17,French,France
840,840,stroll,STR,18,Lance,Stroll,Lance Stroll,1998-10-29,Canadian,Canada
841,841,giovinazzi,GIO,99,Antonio,Giovinazzi,Antonio Giovinazzi,1993-12-14,Italian,Italy
842,843,brendon_hartley,HAR,28,Brendon,Hartley,Brendon Hartley,1989-11-10,New Zealander,New Zealand
843,844,leclerc,LEC,16,Charles,Leclerc,Charles Leclerc,1997-10-16,Monegasque,Monaco
844,845,sirotkin,SIR,35,Sergey,Sirotkin,Sergey Sirotkin,1995-08-27,Russian,Russia
845,846,norris,NOR,4,Lando,Norris,Lando Norris,1999-11-13,British,UK
846,847,russell,RUS,63,George,Russell,George Russell,1998-02-15,British,UK
847,848,albon,ALB,23,Alexander,Albon,Alexander Albon,1996-03-23,Thai,Thailand
848,849,latifi,LAT,6,Nicholas,Latifi,Nicholas Latifi,1995-06-29,Canadian,Canada
849,850,pietro_fittipaldi,FIT,51,Pietro,Fittipaldi,Pietro Fittipaldi,1996-06-25,Brazilian,Brazil
850,851,aitken,AIT,89,Jack,Aitken,Jack Aitken,1995-09-23,British,UK
851,852,tsunoda,TSU,22,Yuki,Tsunoda,Yuki Tsunoda,2000-05-11,Japanese,Japan
852,853,mazepin,MAZ,9,Nikita,Mazepin,Nikita Mazepin,1999-03-02,Russian,Russia
853,854,mick_schumacher,MSC,47,Mick,Schumacher,Mick Schumacher,1999-03-22,German,Germany
854,855,zhou,ZHO,24,Guanyu,Zhou,Guanyu Zhou,1999-05-30,Chinese,China
855,856,de_vries,DEV,21,Nyck,de Vries,Nyck de Vries,1995-02-06,Dutch,Netherlands
856,857,piastri,PIA,81,Oscar,Piastri,Oscar Piastri,2001-04-06,Australian,Australia
857,858,sargeant,SAR,2,Logan,Sargeant,Logan Sargeant,2000-12-31,American,USA
858,859,lawson,LAW,30,Liam,Lawson,Liam Lawson,2002-02-11,New Zealander,New Zealand
859,860,bearman,BEA,38,Oliver,Bearman,Oliver Bearman,2005-05-08,British,UK
860,861,colapinto,COL,43,Franco,Colapinto,Franco Colapinto,2003-05-27,Argentinian,Argentina
861,862,doohan,DOO,61,Jack,Doohan,Jack Doohan,2003-01-20,Australian,Australia
