RaceKey,RaceID,Season,Decade,Round,RoundsInSeason,IsSeasonFinale,RaceName,RaceDate,RaceStartTimeUTC,HasSprint
1,833,1950,1950s,1,7,0,British Grand Prix,1950-05-13,,0
2,834,1950,1950s,2,7,0,Monaco Grand Prix,1950-05-21,,0
3,835,1950,1950s,3,7,0,Indianapolis 500,1950-05-30,,0
4,836,1950,1950s,4,7,0,Swiss Grand Prix,1950-06-04,,0
5,837,1950,1950s,5,7,0,Belgian Grand Prix,1950-06-18,,0
6,838,1950,1950s,6,7,0,French Grand Prix,1950-07-02,,0
7,839,1950,1950s,7,7,1,Italian Grand Prix,1950-09-03,,0
8,825,1951,1950s,1,8,0,Swiss Grand Prix,1951-05-27,,0
9,826,1951,1950s,2,8,0,Indianapolis 500,1951-05-30,,0
10,827,1951,1950s,3,8,0,Belgian Grand Prix,1951-06-17,,0
11,828,1951,1950s,4,8,0,French Grand Prix,1951-07-01,,0
12,829,1951,1950s,5,8,0,British Grand Prix,1951-07-14,,0
13,830,1951,1950s,6,8,0,German Grand Prix,1951-07-29,,0
14,831,1951,1950s,7,8,0,Italian Grand Prix,1951-09-16,,0
15,832,1951,1950s,8,8,1,Spanish Grand Prix,1951-10-28,,0
16,817,1952,1950s,1,8,0,Swiss Grand Prix,1952-05-18,,0
17,818,1952,1950s,2,8,0,Indianapolis 500,1952-05-30,,0
18,819,1952,1950s,3,8,0,Belgian Grand Prix,1952-06-22,,0
19,820,1952,1950s,4,8,0,French Grand Prix,1952-07-06,,0
20,821,1952,1950s,5,8,0,British Grand Prix,1952-07-19,,0
21,822,1952,1950s,6,8,0,German Grand Prix,1952-08-03,,0
22,823,1952,1950s,7,8,0,Dutch Grand Prix,1952-08-17,,0
23,824,1952,1950s,8,8,1,Italian Grand Prix,1952-09-07,,0
24,808,1953,1950s,1,9,0,Argentine Grand Prix,1953-01-18,,0
25,809,1953,1950s,2,9,0,Indianapolis 500,1953-05-30,,0
26,810,1953,1950s,3,9,0,Dutch Grand Prix,1953-06-07,,0
27,811,1953,1950s,4,9,0,Belgian Grand Prix,1953-06-21,,0
28,812,1953,1950s,5,9,0,French Grand Prix,1953-07-05,,0
29,813,1953,1950s,6,9,0,British Grand Prix,1953-07-18,,0
30,814,1953,1950s,7,9,0,German Grand Prix,1953-08-02,,0
31,815,1953,1950s,8,9,0,Swiss Grand Prix,1953-08-23,,0
32,816,1953,1950s,9,9,1,Italian Grand Prix,1953-09-13,,0
33,799,1954,1950s,1,9,0,Argentine Grand Prix,1954-01-17,,0
34,800,1954,1950s,2,9,0,Indianapolis 500,1954-05-31,,0
35,801,1954,1950s,3,9,0,Belgian Grand Prix,1954-06-20,,0
36,802,1954,1950s,4,9,0,French Grand Prix,1954-07-04,,0
37,803,1954,1950s,5,9,0,British Grand Prix,1954-07-17,,0
38,804,1954,1950s,6,9,0,German Grand Prix,1954-08-01,,0
39,805,1954,1950s,7,9,0,Swiss Grand Prix,1954-08-22,,0
40,806,1954,1950s,8,9,0,Italian Grand Prix,1954-09-05,,0
41,807,1954,1950s,9,9,1,Spanish Grand Prix,1954-10-24,,0
42,792,1955,1950s,1,7,0,Argentine Grand Prix,1955-01-16,,0
43,793,1955,1950s,2,7,0,Monaco Grand Prix,1955-05-22,,0
44,794,1955,1950s,3,7,0,Indianapolis 500,1955-05-30,,0
45,795,1955,1950s,4,7,0,Belgian Grand Prix,1955-06-05,,0
46,796,1955,1950s,5,7,0,Dutch Grand Prix,1955-06-19,,0
47,797,1955,1950s,6,7,0,British Grand Prix,1955-07-16,,0
48,798,1955,1950s,7,7,1,Italian Grand Prix,1955-09-11,,0
49,784,1956,1950s,1,8,0,Argentine Grand Prix,1956-01-22,,0
50,785,1956,1950s,2,8,0,Monaco Grand Prix,1956-05-13,,0
51,786,1956,1950s,3,8,0,Indianapolis 500,1956-05-30,,0
52,787,1956,1950s,4,8,0,Belgian Grand Prix,1956-06-03,,0
53,788,1956,1950s,5,8,0,French Grand Prix,1956-07-01,,0
54,789,1956,1950s,6,8,0,British Grand Prix,1956-07-14,,0
55,790,1956,1950s,7,8,0,German Grand Prix,1956-08-05,,0
56,791,1956,1950s,8,8,1,Italian Grand Prix,1956-09-02,,0
57,776,1957,1950s,1,8,0,Argentine Grand Prix,1957-01-13,,0
58,777,1957,1950s,2,8,0,Monaco Grand Prix,1957-05-19,,0
59,778,1957,1950s,3,8,0,Indianapolis 500,1957-05-30,,0
60,779,1957,1950s,4,8,0,French Grand Prix,1957-07-07,,0
61,780,1957,1950s,5,8,0,British Grand Prix,1957-07-20,,0
62,781,1957,1950s,6,8,0,German Grand Prix,1957-08-04,,0
63,782,1957,1950s,7,8,0,Pescara Grand Prix,1957-08-18,,0
64,783,1957,1950s,8,8,1,Italian Grand Prix,1957-09-08,,0
65,765,1958,1950s,1,11,0,Argentine Grand Prix,1958-01-19,,0
66,766,1958,1950s,2,11,0,Monaco Grand Prix,1958-05-18,,0
67,767,1958,1950s,3,11,0,Dutch Grand Prix,1958-05-26,,0
68,768,1958,1950s,4,11,0,Indianapolis 500,1958-05-30,,0
69,769,1958,1950s,5,11,0,Belgian Grand Prix,1958-06-15,,0
70,770,1958,1950s,6,11,0,French Grand Prix,1958-07-06,,0
71,771,1958,1950s,7,11,0,British Grand Prix,1958-07-19,,0
72,772,1958,1950s,8,11,0,German Grand Prix,1958-08-03,,0
73,773,1958,1950s,9,11,0,Portuguese Grand Prix,1958-08-24,,0
74,774,1958,1950s,10,11,0,Italian Grand Prix,1958-09-07,,0
75,775,1958,1950s,11,11,1,Moroccan Grand Prix,1958-10-19,,0
76,756,1959,1950s,1,9,0,Monaco Grand Prix,1959-05-10,,0
77,757,1959,1950s,2,9,0,Indianapolis 500,1959-05-30,,0
78,758,1959,1950s,3,9,0,Dutch Grand Prix,1959-05-31,,0
79,759,1959,1950s,4,9,0,French Grand Prix,1959-07-05,,0
80,760,1959,1950s,5,9,0,British Grand Prix,1959-07-18,,0
81,761,1959,1950s,6,9,0,German Grand Prix,1959-08-02,,0
82,762,1959,1950s,7,9,0,Portuguese Grand Prix,1959-08-23,,0
83,763,1959,1950s,8,9,0,Italian Grand Prix,1959-09-13,,0
84,764,1959,1950s,9,9,1,United States Grand Prix,1959-12-12,,0
85,746,1960,1960s,1,10,0,Argentine Grand Prix,1960-02-07,,0
86,747,1960,1960s,2,10,0,Monaco Grand Prix,1960-05-29,,0
87,748,1960,1960s,3,10,0,Indianapolis 500,1960-05-30,,0
88,749,1960,1960s,4,10,0,Dutch Grand Prix,1960-06-06,,0
89,750,1960,1960s,5,10,0,Belgian Grand Prix,1960-06-19,,0
90,751,1960,1960s,6,10,0,French Grand Prix,1960-07-03,,0
91,752,1960,1960s,7,10,0,British Grand Prix,1960-07-16,,0
92,753,1960,1960s,8,10,0,Portuguese Grand Prix,1960-08-14,,0
93,754,1960,1960s,9,10,0,Italian Grand Prix,1960-09-04,,0
94,755,1960,1960s,10,10,1,United States Grand Prix,1960-11-20,,0
95,738,1961,1960s,1,8,0,Monaco Grand Prix,1961-05-14,,0
96,739,1961,1960s,2,8,0,Dutch Grand Prix,1961-05-22,,0
97,740,1961,1960s,3,8,0,Belgian Grand Prix,1961-06-18,,0
98,741,1961,1960s,4,8,0,French Grand Prix,1961-07-02,,0
99,742,1961,1960s,5,8,0,British Grand Prix,1961-07-15,,0
100,743,1961,1960s,6,8,0,German Grand Prix,1961-08-06,,0
101,744,1961,1960s,7,8,0,Italian Grand Prix,1961-09-10,,0
102,745,1961,1960s,8,8,1,United States Grand Prix,1961-10-08,,0
103,729,1962,1960s,1,9,0,Dutch Grand Prix,1962-05-20,,0
104,730,1962,1960s,2,9,0,Monaco Grand Prix,1962-06-03,,0
105,731,1962,1960s,3,9,0,Belgian Grand Prix,1962-06-17,,0
106,732,1962,1960s,4,9,0,French Grand Prix,1962-07-08,,0
107,733,1962,1960s,5,9,0,British Grand Prix,1962-07-21,,0
108,734,1962,1960s,6,9,0,German Grand Prix,1962-08-05,,0
109,735,1962,1960s,7,9,0,Italian Grand Prix,1962-09-16,,0
110,736,1962,1960s,8,9,0,United States Grand Prix,1962-10-07,,0
111,737,1962,1960s,9,9,1,South African Grand Prix,1962-12-29,,0
112,719,1963,1960s,1,10,0,Monaco Grand Prix,1963-05-26,,0
113,720,1963,1960s,2,10,0,Belgian Grand Prix,1963-06-09,,0
114,721,1963,1960s,3,10,0,Dutch Grand Prix,1963-06-23,,0
115,722,1963,1960s,4,10,0,French Grand Prix,1963-06-30,,0
116,723,1963,1960s,5,10,0,British Grand Prix,1963-07-20,,0
117,724,1963,1960s,6,10,0,German Grand Prix,1963-08-04,,0
118,725,1963,1960s,7,10,0,Italian Grand Prix,1963-09-08,,0
119,726,1963,1960s,8,10,0,United States Grand Prix,1963-10-06,,0
120,727,1963,1960s,9,10,0,Mexican Grand Prix,1963-10-27,,0
121,728,1963,1960s,10,10,1,South African Grand Prix,1963-12-28,,0
122,709,1964,1960s,1,10,0,Monaco Grand Prix,1964-05-10,,0
123,710,1964,1960s,2,10,0,Dutch Grand Prix,1964-05-24,,0
124,711,1964,1960s,3,10,0,Belgian Grand Prix,1964-06-14,,0
125,712,1964,1960s,4,10,0,French Grand Prix,1964-06-28,,0
126,713,1964,1960s,5,10,0,British Grand Prix,1964-07-11,,0
127,714,1964,1960s,6,10,0,German Grand Prix,1964-08-02,,0
128,715,1964,1960s,7,10,0,Austrian Grand Prix,1964-08-23,,0
129,716,1964,1960s,8,10,0,Italian Grand Prix,1964-09-06,,0
130,717,1964,1960s,9,10,0,United States Grand Prix,1964-10-04,,0
131,718,1964,1960s,10,10,1,Mexican Grand Prix,1964-10-25,,0
132,699,1965,1960s,1,10,0,South African Grand Prix,1965-01-01,,0
133,700,1965,1960s,2,10,0,Monaco Grand Prix,1965-05-30,,0
134,701,1965,1960s,3,10,0,Belgian Grand Prix,1965-06-13,,0
135,702,1965,1960s,4,10,0,French Grand Prix,1965-06-27,,0
136,703,1965,1960s,5,10,0,British Grand Prix,1965-07-10,,0
137,704,1965,1960s,6,10,0,Dutch Grand Prix,1965-07-18,,0
138,705,1965,1960s,7,10,0,German Grand Prix,1965-08-01,,0
139,706,1965,1960s,8,10,0,Italian Grand Prix,1965-09-12,,0
140,707,1965,1960s,9,10,0,United States Grand Prix,1965-10-03,,0
141,708,1965,1960s,10,10,1,Mexican Grand Prix,1965-10-24,,0
142,690,1966,1960s,1,9,0,Monaco Grand Prix,1966-05-22,,0
143,691,1966,1960s,2,9,0,Belgian Grand Prix,1966-06-12,,0
144,692,1966,1960s,3,9,0,French Grand Prix,1966-07-03,,0
145,693,1966,1960s,4,9,0,British Grand Prix,1966-07-16,,0
146,694,1966,1960s,5,9,0,Dutch Grand Prix,1966-07-24,,0
147,695,1966,1960s,6,9,0,German Grand Prix,1966-08-07,,0
148,696,1966,1960s,7,9,0,Italian Grand Prix,1966-09-04,,0
149,697,1966,1960s,8,9,0,United States Grand Prix,1966-10-02,,0
150,698,1966,1960s,9,9,1,Mexican Grand Prix,1966-10-23,,0
151,679,1967,1960s,1,11,0,South African Grand Prix,1967-01-02,,0
152,680,1967,1960s,2,11,0,Monaco Grand Prix,1967-05-07,,0
153,681,1967,1960s,3,11,0,Dutch Grand Prix,1967-06-04,,0
154,682,1967,1960s,4,11,0,Belgian Grand Prix,1967-06-18,,0
155,683,1967,1960s,5,11,0,French Grand Prix,1967-07-02,,0
156,684,1967,1960s,6,11,0,British Grand Prix,1967-07-15,,0
157,685,1967,1960s,7,11,0,German Grand Prix,1967-08-06,,0
158,686,1967,1960s,8,11,0,Canadian Grand Prix,1967-08-27,,0
159,687,1967,1960s,9,11,0,Italian Grand Prix,1967-09-10,,0
160,688,1967,1960s,10,11,0,United States Grand Prix,1967-10-01,,0
161,689,1967,1960s,11,11,1,Mexican Grand Prix,1967-10-22,,0
162,667,1968,1960s,1,12,0,South African Grand Prix,1968-01-01,,0
163,668,1968,1960s,2,12,0,Spanish Grand Prix,1968-05-12,,0
164,669,1968,1960s,3,12,0,Monaco Grand Prix,1968-05-26,,0
165,670,1968,1960s,4,12,0,Belgian Grand Prix,1968-06-09,,0
166,671,1968,1960s,5,12,0,Dutch Grand Prix,1968-06-23,,0
167,672,1968,1960s,6,12,0,French Grand Prix,1968-07-07,,0
168,673,1968,1960s,7,12,0,British Grand Prix,1968-07-20,,0
169,674,1968,1960s,8,12,0,German Grand Prix,1968-08-04,,0
170,675,1968,1960s,9,12,0,Italian Grand Prix,1968-09-08,,0
171,676,1968,1960s,10,12,0,Canadian Grand Prix,1968-09-22,,0
172,677,1968,1960s,11,12,0,United States Grand Prix,1968-10-06,,0
173,678,1968,1960s,12,12,1,Mexican Grand Prix,1968-11-03,,0
174,656,1969,1960s,1,11,0,South African Grand Prix,1969-03-01,,0
175,657,1969,1960s,2,11,0,Spanish Grand Prix,1969-05-04,,0
176,658,1969,1960s,3,11,0,Monaco Grand Prix,1969-05-18,,0
177,659,1969,1960s,4,11,0,Dutch Grand Prix,1969-06-21,,0
178,660,1969,1960s,5,11,0,French Grand Prix,1969-07-06,,0
179,661,1969,1960s,6,11,0,British Grand Prix,1969-07-19,,0
180,662,1969,1960s,7,11,0,German Grand Prix,1969-08-03,,0
181,663,1969,1960s,8,11,0,Italian Grand Prix,1969-09-07,,0
182,664,1969,1960s,9,11,0,Canadian Grand Prix,1969-09-20,,0
183,665,1969,1960s,10,11,0,United States Grand Prix,1969-10-05,,0
184,666,1969,1960s,11,11,1,Mexican Grand Prix,1969-10-19,,0
185,643,1970,1970s,1,13,0,South African Grand Prix,1970-03-07,,0
186,644,1970,1970s,2,13,0,Spanish Grand Prix,1970-04-19,,0
187,645,1970,1970s,3,13,0,Monaco Grand Prix,1970-05-10,,0
188,646,1970,1970s,4,13,0,Belgian Grand Prix,1970-06-07,,0
189,647,1970,1970s,5,13,0,Dutch Grand Prix,1970-06-21,,0
190,648,1970,1970s,6,13,0,French Grand Prix,1970-07-05,,0
191,649,1970,1970s,7,13,0,British Grand Prix,1970-07-18,,0
192,650,1970,1970s,8,13,0,German Grand Prix,1970-08-02,,0
193,651,1970,1970s,9,13,0,Austrian Grand Prix,1970-08-16,,0
194,652,1970,1970s,10,13,0,Italian Grand Prix,1970-09-06,,0
195,653,1970,1970s,11,13,0,Canadian Grand Prix,1970-09-20,,0
196,654,1970,1970s,12,13,0,United States Grand Prix,1970-10-04,,0
197,655,1970,1970s,13,13,1,Mexican Grand Prix,1970-10-25,,0
198,632,1971,1970s,1,11,0,South African Grand Prix,1971-03-06,,0
199,633,1971,1970s,2,11,0,Spanish Grand Prix,1971-04-18,,0
200,634,1971,1970s,3,11,0,Monaco Grand Prix,1971-05-23,,0
201,635,1971,1970s,4,11,0,Dutch Grand Prix,1971-06-20,,0
202,636,1971,1970s,5,11,0,French Grand Prix,1971-07-04,,0
203,637,1971,1970s,6,11,0,British Grand Prix,1971-07-17,,0
204,638,1971,1970s,7,11,0,German Grand Prix,1971-08-01,,0
205,639,1971,1970s,8,11,0,Austrian Grand Prix,1971-08-15,,0
206,640,1971,1970s,9,11,0,Italian Grand Prix,1971-09-05,,0
207,641,1971,1970s,10,11,0,Canadian Grand Prix,1971-09-19,,0
208,642,1971,1970s,11,11,1,United States Grand Prix,1971-10-03,,0
209,620,1972,1970s,1,12,0,Argentine Grand Prix,1972-01-23,,0
210,621,1972,1970s,2,12,0,South African Grand Prix,1972-03-04,,0
211,622,1972,1970s,3,12,0,Spanish Grand Prix,1972-05-01,,0
212,623,1972,1970s,4,12,0,Monaco Grand Prix,1972-05-14,,0
213,624,1972,1970s,5,12,0,Belgian Grand Prix,1972-06-04,,0
214,625,1972,1970s,6,12,0,French Grand Prix,1972-07-02,,0
215,626,1972,1970s,7,12,0,British Grand Prix,1972-07-15,,0
216,627,1972,1970s,8,12,0,German Grand Prix,1972-07-30,,0
217,628,1972,1970s,9,12,0,Austrian Grand Prix,1972-08-13,,0
218,629,1972,1970s,10,12,0,Italian Grand Prix,1972-09-10,,0
219,630,1972,1970s,11,12,0,Canadian Grand Prix,1972-09-24,,0
220,631,1972,1970s,12,12,1,United States Grand Prix,1972-10-08,,0
221,605,1973,1970s,1,15,0,Argentine Grand Prix,1973-01-28,,0
222,606,1973,1970s,2,15,0,Brazilian Grand Prix,1973-02-11,,0
223,607,1973,1970s,3,15,0,South African Grand Prix,1973-03-03,,0
224,608,1973,1970s,4,15,0,Spanish Grand Prix,1973-04-29,,0
225,609,1973,1970s,5,15,0,Belgian Grand Prix,1973-05-20,,0
226,610,1973,1970s,6,15,0,Monaco Grand Prix,1973-06-03,,0
227,611,1973,1970s,7,15,0,Swedish Grand Prix,1973-06-17,,0
228,612,1973,1970s,8,15,0,French Grand Prix,1973-07-01,,0
229,613,1973,1970s,9,15,0,British Grand Prix,1973-07-14,,0
230,614,1973,1970s,10,15,0,Dutch Grand Prix,1973-07-29,,0
231,615,1973,1970s,11,15,0,German Grand Prix,1973-08-05,,0
232,616,1973,1970s,12,15,0,Austrian Grand Prix,1973-08-19,,0
233,617,1973,1970s,13,15,0,Italian Grand Prix,1973-09-09,,0
234,618,1973,1970s,14,15,0,Canadian Grand Prix,1973-09-23,,0
235,619,1973,1970s,15,15,1,United States Grand Prix,1973-10-07,,0
236,590,1974,1970s,1,15,0,Argentine Grand Prix,1974-01-13,,0
237,591,1974,1970s,2,15,0,Brazilian Grand Prix,1974-01-27,,0
238,592,1974,1970s,3,15,0,South African Grand Prix,1974-03-30,,0
239,593,1974,1970s,4,15,0,Spanish Grand Prix,1974-04-28,,0
240,594,1974,1970s,5,15,0,Belgian Grand Prix,1974-05-12,,0
241,595,1974,1970s,6,15,0,Monaco Grand Prix,1974-05-26,,0
242,596,1974,1970s,7,15,0,Swedish Grand Prix,1974-06-09,,0
243,597,1974,1970s,8,15,0,Dutch Grand Prix,1974-06-23,,0
244,598,1974,1970s,9,15,0,French Grand Prix,1974-07-07,,0
245,599,1974,1970s,10,15,0,British Grand Prix,1974-07-20,,0
246,600,1974,1970s,11,15,0,German Grand Prix,1974-08-04,,0
247,601,1974,1970s,12,15,0,Austrian Grand Prix,1974-08-18,,0
248,602,1974,1970s,13,15,0,Italian Grand Prix,1974-09-08,,0
249,603,1974,1970s,14,15,0,Canadian Grand Prix,1974-09-22,,0
250,604,1974,1970s,15,15,1,United States Grand Prix,1974-10-06,,0
251,576,1975,1970s,1,14,0,Argentine Grand Prix,1975-01-12,,0
252,577,1975,1970s,2,14,0,Brazilian Grand Prix,1975-01-26,,0
253,578,1975,1970s,3,14,0,South African Grand Prix,1975-03-01,,0
254,579,1975,1970s,4,14,0,Spanish Grand Prix,1975-04-27,,0
255,580,1975,1970s,5,14,0,Monaco Grand Prix,1975-05-11,,0
256,581,1975,1970s,6,14,0,Belgian Grand Prix,1975-05-25,,0
257,582,1975,1970s,7,14,0,Swedish Grand Prix,1975-06-08,,0
258,583,1975,1970s,8,14,0,Dutch Grand Prix,1975-06-22,,0
259,584,1975,1970s,9,14,0,French Grand Prix,1975-07-06,,0
260,585,1975,1970s,10,14,0,British Grand Prix,1975-07-19,,0
261,586,1975,1970s,11,14,0,German Grand Prix,1975-08-03,,0
262,587,1975,1970s,12,14,0,Austrian Grand Prix,1975-08-17,,0
263,588,1975,1970s,13,14,0,Italian Grand Prix,1975-09-07,,0
264,589,1975,1970s,14,14,1,United States Grand Prix,1975-10-05,,0
265,560,1976,1970s,1,16,0,Brazilian Grand Prix,1976-01-25,,0
266,561,1976,1970s,2,16,0,South African Grand Prix,1976-03-06,,0
267,562,1976,1970s,3,16,0,United States Grand Prix West,1976-03-28,,0
268,563,1976,1970s,4,16,0,Spanish Grand Prix,1976-05-02,,0
269,564,1976,1970s,5,16,0,Belgian Grand Prix,1976-05-16,,0
270,565,1976,1970s,6,16,0,Monaco Grand Prix,1976-05-30,,0
271,566,1976,1970s,7,16,0,Swedish Grand Prix,1976-06-13,,0
272,567,1976,1970s,8,16,0,French Grand Prix,1976-07-04,,0
273,568,1976,1970s,9,16,0,British Grand Prix,1976-07-18,,0
274,569,1976,1970s,10,16,0,German Grand Prix,1976-08-01,,0
275,570,1976,1970s,11,16,0,Austrian Grand Prix,1976-08-15,,0
276,571,1976,1970s,12,16,0,Dutch Grand Prix,1976-08-29,,0
277,572,1976,1970s,13,16,0,Italian Grand Prix,1976-09-12,,0
278,573,1976,1970s,14,16,0,Canadian Grand Prix,1976-10-03,,0
279,574,1976,1970s,15,16,0,United States Grand Prix,1976-10-10,,0
280,575,1976,1970s,16,16,1,Japanese Grand Prix,1976-10-24,,0
281,543,1977,1970s,1,17,0,Argentine Grand Prix,1977-01-09,,0
282,544,1977,1970s,2,17,0,Brazilian Grand Prix,1977-01-23,,0
283,545,1977,1970s,3,17,0,South African Grand Prix,1977-03-05,,0
284,546,1977,1970s,4,17,0,United States Grand Prix West,1977-04-03,,0
285,547,1977,1970s,5,17,0,Spanish Grand Prix,1977-05-08,,0
286,548,1977,1970s,6,17,0,Monaco Grand Prix,1977-05-22,,0
287,549,1977,1970s,7,17,0,Belgian Grand Prix,1977-06-05,,0
288,550,1977,1970s,8,17,0,Swedish Grand Prix,1977-06-19,,0
289,551,1977,1970s,9,17,0,French Grand Prix,1977-07-03,,0
290,552,1977,1970s,10,17,0,British Grand Prix,1977-07-16,,0
291,553,1977,1970s,11,17,0,German Grand Prix,1977-07-31,,0
292,554,1977,1970s,12,17,0,Austrian Grand Prix,1977-08-14,,0
293,555,1977,1970s,13,17,0,Dutch Grand Prix,1977-08-28,,0
294,556,1977,1970s,14,17,0,Italian Grand Prix,1977-09-11,,0
295,557,1977,1970s,15,17,0,United States Grand Prix,1977-10-02,,0
296,558,1977,1970s,16,17,0,Canadian Grand Prix,1977-10-09,,0
297,559,1977,1970s,17,17,1,Japanese Grand Prix,1977-10-23,,0
298,527,1978,1970s,1,16,0,Argentine Grand Prix,1978-01-15,,0
299,528,1978,1970s,2,16,0,Brazilian Grand Prix,1978-01-29,,0
300,529,1978,1970s,3,16,0,South African Grand Prix,1978-03-04,,0
301,530,1978,1970s,4,16,0,United States Grand Prix West,1978-04-02,,0
302,531,1978,1970s,5,16,0,Monaco Grand Prix,1978-05-07,,0
303,532,1978,1970s,6,16,0,Belgian Grand Prix,1978-05-21,,0
304,533,1978,1970s,7,16,0,Spanish Grand Prix,1978-06-04,,0
305,534,1978,1970s,8,16,0,Swedish Grand Prix,1978-06-17,,0
306,535,1978,1970s,9,16,0,French Grand Prix,1978-07-02,,0
307,536,1978,1970s,10,16,0,British Grand Prix,1978-07-16,,0
308,537,1978,1970s,11,16,0,German Grand Prix,1978-07-30,,0
309,538,1978,1970s,12,16,0,Austrian Grand Prix,1978-08-13,,0
310,539,1978,1970s,13,16,0,Dutch Grand Prix,1978-08-27,,0
311,540,1978,1970s,14,16,0,Italian Grand Prix,1978-09-10,,0
312,541,1978,1970s,15,16,0,United States Grand Prix,1978-10-01,,0
313,542,1978,1970s,16,16,1,Canadian Grand Prix,1978-10-08,,0
314,512,1979,1970s,1,15,0,Argentine Grand Prix,1979-01-21,,0
315,513,1979,1970s,2,15,0,Brazilian Grand Prix,1979-02-04,,0
316,514,1979,1970s,3,15,0,South African Grand Prix,1979-03-03,,0
317,515,1979,1970s,4,15,0,United States Grand Prix West,1979-04-08,,0
318,516,1979,1970s,5,15,0,Spanish Grand Prix,1979-04-29,,0
319,517,1979,1970s,6,15,0,Belgian Grand Prix,1979-05-13,,0
320,518,1979,1970s,7,15,0,Monaco Grand Prix,1979-05-27,,0
321,519,1979,1970s,8,15,0,French Grand Prix,1979-07-01,,0
322,520,1979,1970s,9,15,0,British Grand Prix,1979-07-14,,0
323,521,1979,1970s,10,15,0,German Grand Prix,1979-07-29,,0
324,522,1979,1970s,11,15,0,Austrian Grand Prix,1979-08-12,,0
325,523,1979,1970s,12,15,0,Dutch Grand Prix,1979-08-26,,0
326,524,1979,1970s,13,15,0,Italian Grand Prix,1979-09-09,,0
327,525,1979,1970s,14,15,0,Canadian Grand Prix,1979-09-30,,0
328,526,1979,1970s,15,15,1,United States Grand Prix,1979-10-07,,0
329,498,1980,1980s,1,14,0,Argentine Grand Prix,1980-01-13,,0
330,499,1980,1980s,2,14,0,Brazilian Grand Prix,1980-01-27,,0
331,500,1980,1980s,3,14,0,South African Grand Prix,1980-03-01,,0
332,501,1980,1980s,4,14,0,United States Grand Prix West,1980-03-30,,0
333,502,1980,1980s,5,14,0,Belgian Grand Prix,1980-05-04,,0
334,503,1980,1980s,6,14,0,Monaco Grand Prix,1980-05-18,,0
335,504,1980,1980s,7,14,0,French Grand Prix,1980-06-29,,0
336,505,1980,1980s,8,14,0,British Grand Prix,1980-07-13,,0
337,506,1980,1980s,9,14,0,German Grand Prix,1980-08-10,,0
338,507,1980,1980s,10,14,0,Austrian Grand Prix,1980-08-17,,0
339,508,1980,1980s,11,14,0,Dutch Grand Prix,1980-08-31,,0
340,509,1980,1980s,12,14,0,Italian Grand Prix,1980-09-14,,0
341,510,1980,1980s,13,14,0,Canadian Grand Prix,1980-09-28,,0
342,511,1980,1980s,14,14,1,United States Grand Prix,1980-10-05,,0
343,483,1981,1980s,1,15,0,United States Grand Prix West,1981-03-15,,0
344,484,1981,1980s,2,15,0,Brazilian Grand Prix,1981-03-29,,0
345,485,1981,1980s,3,15,0,Argentine Grand Prix,1981-04-12,,0
346,486,1981,1980s,4,15,0,San Marino Grand Prix,1981-05-03,,0
347,487,1981,1980s,5,15,0,Belgian Grand Prix,1981-05-17,,0
348,488,1981,1980s,6,15,0,Monaco Grand Prix,1981-05-31,,0
349,489,1981,1980s,7,15,0,Spanish Grand Prix,1981-06-21,,0
350,490,1981,1980s,8,15,0,French Grand Prix,1981-07-05,,0
351,491,1981,1980s,9,15,0,British Grand Prix,1981-07-18,,0
352,492,1981,1980s,10,15,0,German Grand Prix,1981-08-02,,0
353,493,1981,1980s,11,15,0,Austrian Grand Prix,1981-08-16,,0
354,494,1981,1980s,12,15,0,Dutch Grand Prix,1981-08-30,,0
355,495,1981,1980s,13,15,0,Italian Grand Prix,1981-09-13,,0
356,496,1981,1980s,14,15,0,Canadian Grand Prix,1981-09-27,,0
357,497,1981,1980s,15,15,1,Caesars Palace Grand Prix,1981-10-17,,0
358,467,1982,1980s,1,16,0,South African Grand Prix,1982-01-23,,0
359,468,1982,1980s,2,16,0,Brazilian Grand Prix,1982-03-21,,0
360,469,1982,1980s,3,16,0,United States Grand Prix West,1982-04-04,,0
361,470,1982,1980s,4,16,0,San Marino Grand Prix,1982-04-25,,0
362,471,1982,1980s,5,16,0,Belgian Grand Prix,1982-05-09,,0
363,472,1982,1980s,6,16,0,Monaco Grand Prix,1982-05-23,,0
364,473,1982,1980s,7,16,0,Detroit Grand Prix,1982-06-06,,0
365,474,1982,1980s,8,16,0,Canadian Grand Prix,1982-06-13,,0
366,475,1982,1980s,9,16,0,Dutch Grand Prix,1982-07-03,,0
367,476,1982,1980s,10,16,0,British Grand Prix,1982-07-18,,0
368,477,1982,1980s,11,16,0,French Grand Prix,1982-07-25,,0
369,478,1982,1980s,12,16,0,German Grand Prix,1982-08-08,,0
370,479,1982,1980s,13,16,0,Austrian Grand Prix,1982-08-15,,0
371,480,1982,1980s,14,16,0,Swiss Grand Prix,1982-08-29,,0
372,481,1982,1980s,15,16,0,Italian Grand Prix,1982-09-12,,0
373,482,1982,1980s,16,16,1,Caesars Palace Grand Prix,1982-09-25,,0
374,452,1983,1980s,1,15,0,Brazilian Grand Prix,1983-03-13,,0
375,453,1983,1980s,2,15,0,United States Grand Prix West,1983-03-27,,0
376,454,1983,1980s,3,15,0,French Grand Prix,1983-04-17,,0
377,455,1983,1980s,4,15,0,San Marino Grand Prix,1983-05-01,,0
378,456,1983,1980s,5,15,0,Monaco Grand Prix,1983-05-15,,0
379,457,1983,1980s,6,15,0,Belgian Grand Prix,1983-05-22,,0
380,458,1983,1980s,7,15,0,Detroit Grand Prix,1983-06-05,,0
381,459,1983,1980s,8,15,0,Canadian Grand Prix,1983-06-12,,0
382,460,1983,1980s,9,15,0,British Grand Prix,1983-07-16,,0
383,461,1983,1980s,10,15,0,German Grand Prix,1983-08-07,,0
384,462,1983,1980s,11,15,0,Austrian Grand Prix,1983-08-14,,0
385,463,1983,1980s,12,15,0,Dutch Grand Prix,1983-08-28,,0
386,464,1983,1980s,13,15,0,Italian Grand Prix,1983-09-11,,0
387,465,1983,1980s,14,15,0,European Grand Prix,1983-09-25,,0
388,466,1983,1980s,15,15,1,South African Grand Prix,1983-10-15,,0
389,436,1984,1980s,1,16,0,Brazilian Grand Prix,1984-03-25,,0
390,437,1984,1980s,2,16,0,South African Grand Prix,1984-04-07,,0
391,438,1984,1980s,3,16,0,Belgian Grand Prix,1984-04-29,,0
392,439,1984,1980s,4,16,0,San Marino Grand Prix,1984-05-06,,0
393,440,1984,1980s,5,16,0,French Grand Prix,1984-05-20,,0
394,441,1984,1980s,6,16,0,Monaco Grand Prix,1984-06-03,,0
395,442,1984,1980s,7,16,0,Canadian Grand Prix,1984-06-17,,0
396,443,1984,1980s,8,16,0,Detroit Grand Prix,1984-06-24,,0
397,444,1984,1980s,9,16,0,Dallas Grand Prix,1984-07-08,,0
398,445,1984,1980s,10,16,0,British Grand Prix,1984-07-22,,0
399,446,1984,1980s,11,16,0,German Grand Prix,1984-08-05,,0
400,447,1984,1980s,12,16,0,Austrian Grand Prix,1984-08-19,,0
401,448,1984,1980s,13,16,0,Dutch Grand Prix,1984-08-26,,0
402,449,1984,1980s,14,16,0,Italian Grand Prix,1984-09-09,,0
403,450,1984,1980s,15,16,0,European Grand Prix,1984-10-07,,0
404,451,1984,1980s,16,16,1,Portuguese Grand Prix,1984-10-21,,0
405,420,1985,1980s,1,16,0,Brazilian Grand Prix,1985-04-07,,0
406,421,1985,1980s,2,16,0,Portuguese Grand Prix,1985-04-21,,0
407,422,1985,1980s,3,16,0,San Marino Grand Prix,1985-05-05,,0
408,423,1985,1980s,4,16,0,Monaco Grand Prix,1985-05-19,,0
409,424,1985,1980s,5,16,0,Canadian Grand Prix,1985-06-16,,0
410,425,1985,1980s,6,16,0,Detroit Grand Prix,1985-06-23,,0
411,426,1985,1980s,7,16,0,French Grand Prix,1985-07-07,,0
412,427,1985,1980s,8,16,0,British Grand Prix,1985-07-21,,0
413,428,1985,1980s,9,16,0,German Grand Prix,1985-08-04,,0
414,429,1985,1980s,10,16,0,Austrian Grand Prix,1985-08-18,,0
415,430,1985,1980s,11,16,0,Dutch Grand Prix,1985-08-25,,0
416,431,1985,1980s,12,16,0,Italian Grand Prix,1985-09-08,,0
417,432,1985,1980s,13,16,0,Belgian Grand Prix,1985-09-15,,0
418,433,1985,1980s,14,16,0,European Grand Prix,1985-10-06,,0
419,434,1985,1980s,15,16,0,South African Grand Prix,1985-10-19,,0
420,435,1985,1980s,16,16,1,Australian Grand Prix,1985-11-03,,0
421,404,1986,1980s,1,16,0,Brazilian Grand Prix,1986-03-23,,0
422,405,1986,1980s,2,16,0,Spanish Grand Prix,1986-04-13,,0
423,406,1986,1980s,3,16,0,San Marino Grand Prix,1986-04-27,,0
424,407,1986,1980s,4,16,0,Monaco Grand Prix,1986-05-11,,0
425,408,1986,1980s,5,16,0,Belgian Grand Prix,1986-05-25,,0
426,409,1986,1980s,6,16,0,Canadian Grand Prix,1986-06-15,,0
427,410,1986,1980s,7,16,0,Detroit Grand Prix,1986-06-22,,0
428,411,1986,1980s,8,16,0,French Grand Prix,1986-07-06,,0
429,412,1986,1980s,9,16,0,British Grand Prix,1986-07-13,,0
430,413,1986,1980s,10,16,0,German Grand Prix,1986-07-27,,0
431,414,1986,1980s,11,16,0,Hungarian Grand Prix,1986-08-10,,0
432,415,1986,1980s,12,16,0,Austrian Grand Prix,1986-08-17,,0
433,416,1986,1980s,13,16,0,Italian Grand Prix,1986-09-07,,0
434,417,1986,1980s,14,16,0,Portuguese Grand Prix,1986-09-21,,0
435,418,1986,1980s,15,16,0,Mexican Grand Prix,1986-10-12,,0
436,419,1986,1980s,16,16,1,Australian Grand Prix,1986-10-26,,0
437,388,1987,1980s,1,16,0,Brazilian Grand Prix,1987-04-12,,0
438,389,1987,1980s,2,16,0,San Marino Grand Prix,1987-05-03,,0
439,390,1987,1980s,3,16,0,Belgian Grand Prix,1987-05-17,,0
440,391,1987,1980s,4,16,0,Monaco Grand Prix,1987-05-31,,0
441,392,1987,1980s,5,16,0,Detroit Grand Prix,1987-06-21,,0
442,393,1987,1980s,6,16,0,French Grand Prix,1987-07-05,,0
443,394,1987,1980s,7,16,0,British Grand Prix,1987-07-12,,0
444,395,1987,1980s,8,16,0,German Grand Prix,1987-07-26,,0
445,396,1987,1980s,9,16,0,Hungarian Grand Prix,1987-08-09,,0
446,397,1987,1980s,10,16,0,Austrian Grand Prix,1987-08-16,,0
447,398,1987,1980s,11,16,0,Italian Grand Prix,1987-09-06,,0
448,399,1987,1980s,12,16,0,Portuguese Grand Prix,1987-09-20,,0
449,400,1987,1980s,13,16,0,Spanish Grand Prix,1987-09-27,,0
450,401,1987,1980s,14,16,0,Mexican Grand Prix,1987-10-18,,0
451,402,1987,1980s,15,16,0,Japanese Grand Prix,1987-11-01,,0
452,403,1987,1980s,16,16,1,Australian Grand Prix,1987-11-15,,0
453,372,1988,1980s,1,16,0,Brazilian Grand Prix,1988-04-03,,0
454,373,1988,1980s,2,16,0,San Marino Grand Prix,1988-05-01,,0
455,374,1988,1980s,3,16,0,Monaco Grand Prix,1988-05-15,,0
456,375,1988,1980s,4,16,0,Mexican Grand Prix,1988-05-29,,0
457,376,1988,1980s,5,16,0,Canadian Grand Prix,1988-06-12,,0
458,377,1988,1980s,6,16,0,Detroit Grand Prix,1988-06-19,,0
459,378,1988,1980s,7,16,0,French Grand Prix,1988-07-03,,0
460,379,1988,1980s,8,16,0,British Grand Prix,1988-07-10,,0
461,380,1988,1980s,9,16,0,German Grand Prix,1988-07-24,,0
462,381,1988,1980s,10,16,0,Hungarian Grand Prix,1988-08-07,,0
463,382,1988,1980s,11,16,0,Belgian Grand Prix,1988-08-28,,0
464,383,1988,1980s,12,16,0,Italian Grand Prix,1988-09-11,,0
465,384,1988,1980s,13,16,0,Portuguese Grand Prix,1988-09-25,,0
466,385,1988,1980s,14,16,0,Spanish Grand Prix,1988-10-02,,0
467,386,1988,1980s,15,16,0,Japanese Grand Prix,1988-10-30,,0
468,387,1988,1980s,16,16,1,Australian Grand Prix,1988-11-13,,0
469,356,1989,1980s,1,16,0,Brazilian Grand Prix,1989-03-26,,0
470,357,1989,1980s,2,16,0,San Marino Grand Prix,1989-04-23,,0
471,358,1989,1980s,3,16,0,Monaco Grand Prix,1989-05-07,,0
472,359,1989,1980s,4,16,0,Mexican Grand Prix,1989-05-28,,0
473,360,1989,1980s,5,16,0,United States Grand Prix,1989-06-04,,0
474,361,1989,1980s,6,16,0,Canadian Grand Prix,1989-06-18,,0
475,362,1989,1980s,7,16,0,French Grand Prix,1989-07-09,,0
476,363,1989,1980s,8,16,0,British Grand Prix,1989-07-16,,0
477,364,1989,1980s,9,16,0,German Grand Prix,1989-07-30,,0
478,365,1989,1980s,10,16,0,Hungarian Grand Prix,1989-08-13,,0
479,366,1989,1980s,11,16,0,Belgian Grand Prix,1989-08-27,,0
480,367,1989,1980s,12,16,0,Italian Grand Prix,1989-09-10,,0
481,368,1989,1980s,13,16,0,Portuguese Grand Prix,1989-09-24,,0
482,369,1989,1980s,14,16,0,Spanish Grand Prix,1989-10-01,,0
483,370,1989,1980s,15,16,0,Japanese Grand Prix,1989-10-22,,0
484,371,1989,1980s,16,16,1,Australian Grand Prix,1989-11-05,,0
485,321,1990,1990s,1,16,0,United States Grand Prix,1990-03-11,,0
486,322,1990,1990s,2,16,0,Brazilian Grand Prix,1990-03-25,,0
487,323,1990,1990s,3,16,0,San Marino Grand Prix,1990-05-13,,0
488,324,1990,1990s,4,16,0,Monaco Grand Prix,1990-05-27,,0
489,325,1990,1990s,5,16,0,Canadian Grand Prix,1990-06-10,,0
490,326,1990,1990s,6,16,0,Mexican Grand Prix,1990-06-24,,0
491,327,1990,1990s,7,16,0,French Grand Prix,1990-07-08,,0
492,328,1990,1990s,8,16,0,British Grand Prix,1990-07-15,,0
493,329,1990,1990s,9,16,0,German Grand Prix,1990-07-29,,0
494,330,1990,1990s,10,16,0,Hungarian Grand Prix,1990-08-12,,0
495,331,1990,1990s,11,16,0,Belgian Grand Prix,1990-08-26,,0
496,332,1990,1990s,12,16,0,Italian Grand Prix,1990-09-09,,0
497,333,1990,1990s,13,16,0,Portuguese Grand Prix,1990-09-23,,0
498,334,1990,1990s,14,16,0,Spanish Grand Prix,1990-09-30,,0
499,335,1990,1990s,15,16,0,Japanese Grand Prix,1990-10-21,,0
500,336,1990,1990s,16,16,1,Australian Grand Prix,1990-11-04,,0
501,305,1991,1990s,1,16,0,United States Grand Prix,1991-03-10,,0
502,306,1991,1990s,2,16,0,Brazilian Grand Prix,1991-03-24,,0
503,307,1991,1990s,3,16,0,San Marino Grand Prix,1991-04-28,,0
504,308,1991,1990s,4,16,0,Monaco Grand Prix,1991-05-12,,0
505,309,1991,1990s,5,16,0,Canadian Grand Prix,1991-06-02,,0
506,310,1991,1990s,6,16,0,Mexican Grand Prix,1991-06-16,,0
507,311,1991,1990s,7,16,0,French Grand Prix,1991-07-07,,0
508,312,1991,1990s,8,16,0,British Grand Prix,1991-07-14,,0
509,313,1991,1990s,9,16,0,German Grand Prix,1991-07-28,,0
510,314,1991,1990s,10,16,0,Hungarian Grand Prix,1991-08-11,,0
511,315,1991,1990s,11,16,0,Belgian Grand Prix,1991-08-25,,0
512,316,1991,1990s,12,16,0,Italian Grand Prix,1991-09-08,,0
513,317,1991,1990s,13,16,0,Portuguese Grand Prix,1991-09-22,,0
514,318,1991,1990s,14,16,0,Spanish Grand Prix,1991-09-29,,0
515,319,1991,1990s,15,16,0,Japanese Grand Prix,1991-10-20,,0
516,320,1991,1990s,16,16,1,Australian Grand Prix,1991-11-03,,0
517,289,1992,1990s,1,16,0,South African Grand Prix,1992-03-01,,0
518,290,1992,1990s,2,16,0,Mexican Grand Prix,1992-03-22,,0
519,291,1992,1990s,3,16,0,Brazilian Grand Prix,1992-04-05,,0
520,292,1992,1990s,4,16,0,Spanish Grand Prix,1992-05-03,,0
521,293,1992,1990s,5,16,0,San Marino Grand Prix,1992-05-17,,0
522,294,1992,1990s,6,16,0,Monaco Grand Prix,1992-05-31,,0
523,295,1992,1990s,7,16,0,Canadian Grand Prix,1992-06-14,,0
524,296,1992,1990s,8,16,0,French Grand Prix,1992-07-05,,0
525,297,1992,1990s,9,16,0,British Grand Prix,1992-07-12,,0
526,298,1992,1990s,10,16,0,German Grand Prix,1992-07-26,,0
527,299,1992,1990s,11,16,0,Hungarian Grand Prix,1992-08-16,,0
528,300,1992,1990s,12,16,0,Belgian Grand Prix,1992-08-30,,0
529,301,1992,1990s,13,16,0,Italian Grand Prix,1992-09-13,,0
530,302,1992,1990s,14,16,0,Portuguese Grand Prix,1992-09-27,,0
531,303,1992,1990s,15,16,0,Japanese Grand Prix,1992-10-25,,0
532,304,1992,1990s,16,16,1,Australian Grand Prix,1992-11-08,,0
533,273,1993,1990s,1,16,0,South African Grand Prix,1993-03-14,,0
534,274,1993,1990s,2,16,0,Brazilian Grand Prix,1993-03-28,,0
535,275,1993,1990s,3,16,0,European Grand Prix,1993-04-11,,0
536,276,1993,1990s,4,16,0,San Marino Grand Prix,1993-04-25,,0
537,277,1993,1990s,5,16,0,Spanish Grand Prix,1993-05-09,,0
538,278,1993,1990s,6,16,0,Monaco Grand Prix,1993-05-23,,0
539,279,1993,1990s,7,16,0,Canadian Grand Prix,1993-06-13,,0
540,280,1993,1990s,8,16,0,French Grand Prix,1993-07-04,,0
541,281,1993,1990s,9,16,0,British Grand Prix,1993-07-11,,0
542,282,1993,1990s,10,16,0,German Grand Prix,1993-07-25,,0
543,283,1993,1990s,11,16,0,Hungarian Grand Prix,1993-08-15,,0
544,284,1993,1990s,12,16,0,Belgian Grand Prix,1993-08-29,,0
545,285,1993,1990s,13,16,0,Italian Grand Prix,1993-09-12,,0
546,286,1993,1990s,14,16,0,Portuguese Grand Prix,1993-09-26,,0
547,287,1993,1990s,15,16,0,Japanese Grand Prix,1993-10-24,,0
548,288,1993,1990s,16,16,1,Australian Grand Prix,1993-11-07,,0
549,257,1994,1990s,1,16,0,Brazilian Grand Prix,1994-03-27,,0
550,258,1994,1990s,2,16,0,Pacific Grand Prix,1994-04-17,,0
551,259,1994,1990s,3,16,0,San Marino Grand Prix,1994-05-01,,0
552,260,1994,1990s,4,16,0,Monaco Grand Prix,1994-05-15,,0
553,261,1994,1990s,5,16,0,Spanish Grand Prix,1994-05-29,,0
554,262,1994,1990s,6,16,0,Canadian Grand Prix,1994-06-12,,0
555,263,1994,1990s,7,16,0,French Grand Prix,1994-07-03,,0
556,264,1994,1990s,8,16,0,British Grand Prix,1994-07-10,,0
557,265,1994,1990s,9,16,0,German Grand Prix,1994-07-31,,0
558,266,1994,1990s,10,16,0,Hungarian Grand Prix,1994-08-14,,0
559,267,1994,1990s,11,16,0,Belgian Grand Prix,1994-08-28,,0
560,268,1994,1990s,12,16,0,Italian Grand Prix,1994-09-11,,0
561,269,1994,1990s,13,16,0,Portuguese Grand Prix,1994-09-25,,0
562,270,1994,1990s,14,16,0,European Grand Prix,1994-10-16,,0
563,271,1994,1990s,15,16,0,Japanese Grand Prix,1994-11-06,,0
564,272,1994,1990s,16,16,1,Australian Grand Prix,1994-11-13,,0
565,240,1995,1990s,1,17,0,Brazilian Grand Prix,1995-03-26,,0
566,241,1995,1990s,2,17,0,Argentine Grand Prix,1995-04-09,,0
567,242,1995,1990s,3,17,0,San Marino Grand Prix,1995-04-30,,0
568,243,1995,1990s,4,17,0,Spanish Grand Prix,1995-05-14,,0
569,244,1995,1990s,5,17,0,Monaco Grand Prix,1995-05-28,,0
570,245,1995,1990s,6,17,0,Canadian Grand Prix,1995-06-11,,0
571,246,1995,1990s,7,17,0,French Grand Prix,1995-07-02,,0
572,247,1995,1990s,8,17,0,British Grand Prix,1995-07-16,,0
573,248,1995,1990s,9,17,0,German Grand Prix,1995-07-30,,0
574,249,1995,1990s,10,17,0,Hungarian Grand Prix,1995-08-13,,0
575,250,1995,1990s,11,17,0,Belgian Grand Prix,1995-08-27,,0
576,251,1995,1990s,12,17,0,Italian Grand Prix,1995-09-10,,0
577,252,1995,1990s,13,17,0,Portuguese Grand Prix,1995-09-24,,0
578,253,1995,1990s,14,17,0,European Grand Prix,1995-10-01,,0
579,254,1995,1990s,15,17,0,Pacific Grand Prix,1995-10-22,,0
580,255,1995,1990s,16,17,0,Japanese Grand Prix,1995-10-29,,0
581,256,1995,1990s,17,17,1,Australian Grand Prix,1995-11-12,,0
582,224,1996,1990s,1,16,0,Australian Grand Prix,1996-03-10,,0
583,225,1996,1990s,2,16,0,Brazilian Grand Prix,1996-03-31,,0
584,226,1996,1990s,3,16,0,Argentine Grand Prix,1996-04-07,,0
585,227,1996,1990s,4,16,0,European Grand Prix,1996-04-28,,0
586,228,1996,1990s,5,16,0,San Marino Grand Prix,1996-05-05,,0
587,229,1996,1990s,6,16,0,Monaco Grand Prix,1996-05-19,,0
588,230,1996,1990s,7,16,0,Spanish Grand Prix,1996-06-02,,0
589,231,1996,1990s,8,16,0,Canadian Grand Prix,1996-06-16,,0
590,232,1996,1990s,9,16,0,French Grand Prix,1996-06-30,,0
591,233,1996,1990s,10,16,0,British Grand Prix,1996-07-14,,0
592,234,1996,1990s,11,16,0,German Grand Prix,1996-07-28,,0
593,235,1996,1990s,12,16,0,Hungarian Grand Prix,1996-08-11,,0
594,236,1996,1990s,13,16,0,Belgian Grand Prix,1996-08-25,,0
595,237,1996,1990s,14,16,0,Italian Grand Prix,1996-09-08,,0
596,238,1996,1990s,15,16,0,Portuguese Grand Prix,1996-09-22,,0
597,239,1996,1990s,16,16,1,Japanese Grand Prix,1996-10-13,,0
598,207,1997,1990s,1,17,0,Australian Grand Prix,1997-03-09,,0
599,208,1997,1990s,2,17,0,Brazilian Grand Prix,1997-03-30,,0
600,209,1997,1990s,3,17,0,Argentine Grand Prix,1997-04-13,,0
601,210,1997,1990s,4,17,0,San Marino Grand Prix,1997-04-27,,0
602,211,1997,1990s,5,17,0,Monaco Grand Prix,1997-05-11,,0
603,212,1997,1990s,6,17,0,Spanish Grand Prix,1997-05-25,,0
604,213,1997,1990s,7,17,0,Canadian Grand Prix,1997-06-15,,0
605,214,1997,1990s,8,17,0,French Grand Prix,1997-06-29,,0
606,215,1997,1990s,9,17,0,British Grand Prix,1997-07-13,,0
607,216,1997,1990s,10,17,0,German Grand Prix,1997-07-27,,0
608,217,1997,1990s,11,17,0,Hungarian Grand Prix,1997-08-10,,0
609,218,1997,1990s,12,17,0,Belgian Grand Prix,1997-08-24,,0
610,219,1997,1990s,13,17,0,Italian Grand Prix,1997-09-07,,0
611,220,1997,1990s,14,17,0,Austrian Grand Prix,1997-09-21,,0
612,221,1997,1990s,15,17,0,Luxembourg Grand Prix,1997-09-28,,0
613,222,1997,1990s,16,17,0,Japanese Grand Prix,1997-10-12,,0
614,223,1997,1990s,17,17,1,European Grand Prix,1997-10-26,,0
615,191,1998,1990s,1,16,0,Australian Grand Prix,1998-03-08,,0
616,192,1998,1990s,2,16,0,Brazilian Grand Prix,1998-03-29,,0
617,193,1998,1990s,3,16,0,Argentine Grand Prix,1998-04-12,,0
618,194,1998,1990s,4,16,0,San Marino Grand Prix,1998-04-26,,0
619,195,1998,1990s,5,16,0,Spanish Grand Prix,1998-05-10,,0
620,196,1998,1990s,6,16,0,Monaco Grand Prix,1998-05-24,,0
621,197,1998,1990s,7,16,0,Canadian Grand Prix,1998-06-07,,0
622,198,1998,1990s,8,16,0,French Grand Prix,1998-06-28,,0
623,199,1998,1990s,9,16,0,British Grand Prix,1998-07-12,,0
624,200,1998,1990s,10,16,0,Austrian Grand Prix,1998-07-26,,0
625,201,1998,1990s,11,16,0,German Grand Prix,1998-08-02,,0
626,202,1998,1990s,12,16,0,Hungarian Grand Prix,1998-08-16,,0
627,203,1998,1990s,13,16,0,Belgian Grand Prix,1998-08-30,,0
628,204,1998,1990s,14,16,0,Italian Grand Prix,1998-09-13,,0
629,205,1998,1990s,15,16,0,Luxembourg Grand Prix,1998-09-27,,0
630,206,1998,1990s,16,16,1,Japanese Grand Prix,1998-11-01,,0
631,175,1999,1990s,1,16,0,Australian Grand Prix,1999-03-07,,0
632,176,1999,1990s,2,16,0,Brazilian Grand Prix,1999-04-11,,0
633,177,1999,1990s,3,16,0,San Marino Grand Prix,1999-05-02,,0
634,178,1999,1990s,4,16,0,Monaco Grand Prix,1999-05-16,,0
635,179,1999,1990s,5,16,0,Spanish Grand Prix,1999-05-30,,0
636,180,1999,1990s,6,16,0,Canadian Grand Prix,1999-06-13,,0
637,181,1999,1990s,7,16,0,French Grand Prix,1999-06-27,,0
638,182,1999,1990s,8,16,0,British Grand Prix,1999-07-11,,0
639,183,1999,1990s,9,16,0,Austrian Grand Prix,1999-07-25,,0
640,184,1999,1990s,10,16,0,German Grand Prix,1999-08-01,,0
641,185,1999,1990s,11,16,0,Hungarian Grand Prix,1999-08-15,,0
642,186,1999,1990s,12,16,0,Belgian Grand Prix,1999-08-29,,0
643,187,1999,1990s,13,16,0,Italian Grand Prix,1999-09-12,,0
644,188,1999,1990s,14,16,0,European Grand Prix,1999-09-26,,0
645,189,1999,1990s,15,16,0,Malaysian Grand Prix,1999-10-17,,0
646,190,1999,1990s,16,16,1,Japanese Grand Prix,1999-10-31,,0
647,158,2000,2000s,1,17,0,Australian Grand Prix,2000-03-12,,0
648,159,2000,2000s,2,17,0,Brazilian Grand Prix,2000-03-26,,0
649,160,2000,2000s,3,17,0,San Marino Grand Prix,2000-04-09,,0
650,161,2000,2000s,4,17,0,British Grand Prix,2000-04-23,,0
651,162,2000,2000s,5,17,0,Spanish Grand Prix,2000-05-07,,0
652,163,2000,2000s,6,17,0,European Grand Prix,2000-05-21,,0
653,164,2000,2000s,7,17,0,Monaco Grand Prix,2000-06-04,,0
654,165,2000,2000s,8,17,0,Canadian Grand Prix,2000-06-18,,0
655,166,2000,2000s,9,17,0,French Grand Prix,2000-07-02,,0
656,167,2000,2000s,10,17,0,Austrian Grand Prix,2000-07-16,,0
657,168,2000,2000s,11,17,0,German Grand Prix,2000-07-30,,0
658,169,2000,2000s,12,17,0,Hungarian Grand Prix,2000-08-13,,0
659,170,2000,2000s,13,17,0,Belgian Grand Prix,2000-08-27,,0
660,171,2000,2000s,14,17,0,Italian Grand Prix,2000-09-10,,0
661,172,2000,2000s,15,17,0,United States Grand Prix,2000-09-24,,0
662,173,2000,2000s,16,17,0,Japanese Grand Prix,2000-10-08,,0
663,174,2000,2000s,17,17,1,Malaysian Grand Prix,2000-10-22,,0
664,141,2001,2000s,1,17,0,Australian Grand Prix,2001-03-04,,0
665,142,2001,2000s,2,17,0,Malaysian Grand Prix,2001-03-18,,0
666,143,2001,2000s,3,17,0,Brazilian Grand Prix,2001-04-01,,0
667,144,2001,2000s,4,17,0,San Marino Grand Prix,2001-04-15,,0
668,145,2001,2000s,5,17,0,Spanish Grand Prix,2001-04-29,,0
669,146,2001,2000s,6,17,0,Austrian Grand Prix,2001-05-13,,0
670,147,2001,2000s,7,17,0,Monaco Grand Prix,2001-05-27,,0
671,148,2001,2000s,8,17,0,Canadian Grand Prix,2001-06-10,,0
672,149,2001,2000s,9,17,0,European Grand Prix,2001-06-24,,0
673,150,2001,2000s,10,17,0,French Grand Prix,2001-07-01,,0
674,151,2001,2000s,11,17,0,British Grand Prix,2001-07-15,,0
675,152,2001,2000s,12,17,0,German Grand Prix,2001-07-29,,0
676,153,2001,2000s,13,17,0,Hungarian Grand Prix,2001-08-19,,0
677,154,2001,2000s,14,17,0,Belgian Grand Prix,2001-09-02,,0
678,155,2001,2000s,15,17,0,Italian Grand Prix,2001-09-16,,0
679,156,2001,2000s,16,17,0,United States Grand Prix,2001-09-30,,0
680,157,2001,2000s,17,17,1,Japanese Grand Prix,2001-10-14,,0
681,124,2002,2000s,1,17,0,Australian Grand Prix,2002-03-03,,0
682,125,2002,2000s,2,17,0,Malaysian Grand Prix,2002-03-17,,0
683,126,2002,2000s,3,17,0,Brazilian Grand Prix,2002-03-31,,0
684,127,2002,2000s,4,17,0,San Marino Grand Prix,2002-04-14,,0
685,128,2002,2000s,5,17,0,Spanish Grand Prix,2002-04-28,,0
686,129,2002,2000s,6,17,0,Austrian Grand Prix,2002-05-12,,0
687,130,2002,2000s,7,17,0,Monaco Grand Prix,2002-05-26,,0
688,131,2002,2000s,8,17,0,Canadian Grand Prix,2002-06-09,,0
689,132,2002,2000s,9,17,0,European Grand Prix,2002-06-23,,0
690,133,2002,2000s,10,17,0,British Grand Prix,2002-07-07,,0
691,134,2002,2000s,11,17,0,French Grand Prix,2002-07-21,,0
692,135,2002,2000s,12,17,0,German Grand Prix,2002-07-28,,0
693,136,2002,2000s,13,17,0,Hungarian Grand Prix,2002-08-18,,0
694,137,2002,2000s,14,17,0,Belgian Grand Prix,2002-09-01,,0
695,138,2002,2000s,15,17,0,Italian Grand Prix,2002-09-15,,0
696,139,2002,2000s,16,17,0,United States Grand Prix,2002-09-29,,0
697,140,2002,2000s,17,17,1,Japanese Grand Prix,2002-10-13,,0
698,108,2003,2000s,1,16,0,Australian Grand Prix,2003-03-09,,0
699,109,2003,2000s,2,16,0,Malaysian Grand Prix,2003-03-23,,0
700,110,2003,2000s,3,16,0,Brazilian Grand Prix,2003-04-06,,0
701,111,2003,2000s,4,16,0,San Marino Grand Prix,2003-04-20,,0
702,112,2003,2000s,5,16,0,Spanish Grand Prix,2003-05-04,,0
703,113,2003,2000s,6,16,0,Austrian Grand Prix,2003-05-18,,0
704,114,2003,2000s,7,16,0,Monaco Grand Prix,2003-06-01,,0
705,115,2003,2000s,8,16,0,Canadian Grand Prix,2003-06-15,,0
706,116,2003,2000s,9,16,0,European Grand Prix,2003-06-29,,0
707,117,2003,2000s,10,16,0,French Grand Prix,2003-07-06,,0
708,118,2003,2000s,11,16,0,British Grand Prix,2003-07-20,,0
709,119,2003,2000s,12,16,0,German Grand Prix,2003-08-03,,0
710,120,2003,2000s,13,16,0,Hungarian Grand Prix,2003-08-24,,0
711,121,2003,2000s,14,16,0,Italian Grand Prix,2003-09-14,,0
712,122,2003,2000s,15,16,0,United States Grand Prix,2003-09-28,,0
713,123,2003,2000s,16,16,1,Japanese Grand Prix,2003-10-12,,0
714,90,2004,2000s,1,18,0,Australian Grand Prix,2004-03-07,,0
715,91,2004,2000s,2,18,0,Malaysian Grand Prix,2004-03-21,,0
716,92,2004,2000s,3,18,0,Bahrain Grand Prix,2004-04-04,,0
717,93,2004,2000s,4,18,0,San Marino Grand Prix,2004-04-25,,0
718,94,2004,2000s,5,18,0,Spanish Grand Prix,2004-05-09,,0
719,95,2004,2000s,6,18,0,Monaco Grand Prix,2004-05-23,,0
720,96,2004,2000s,7,18,0,European Grand Prix,2004-05-30,,0
721,97,2004,2000s,8,18,0,Canadian Grand Prix,2004-06-13,,0
722,98,2004,2000s,9,18,0,United States Grand Prix,2004-06-20,,0
723,99,2004,2000s,10,18,0,French Grand Prix,2004-07-04,,0
724,100,2004,2000s,11,18,0,British Grand Prix,2004-07-11,,0
725,101,2004,2000s,12,18,0,German Grand Prix,2004-07-25,,0
726,102,2004,2000s,13,18,0,Hungarian Grand Prix,2004-08-15,,0
727,103,2004,2000s,14,18,0,Belgian Grand Prix,2004-08-29,,0
728,104,2004,2000s,15,18,0,Italian Grand Prix,2004-09-12,,0
729,105,2004,2000s,16,18,0,Chinese Grand Prix,2004-09-26,,0
730,106,2004,2000s,17,18,0,Japanese Grand Prix,2004-10-10,,0
731,107,2004,2000s,18,18,1,Brazilian Grand Prix,2004-10-24,,0
732,71,2005,2000s,1,19,0,Australian Grand Prix,2005-03-06,14:00:00,0
733,72,2005,2000s,2,19,0,Malaysian Grand Prix,2005-03-20,15:00:00,0
734,73,2005,2000s,3,19,0,Bahrain Grand Prix,2005-04-03,14:30:00,0
735,74,2005,2000s,4,19,0,San Marino Grand Prix,2005-04-24,14:00:00,0
736,75,2005,2000s,5,19,0,Spanish Grand Prix,2005-05-08,14:00:00,0
737,76,2005,2000s,6,19,0,Monaco Grand Prix,2005-05-22,14:00:00,0
738,77,2005,2000s,7,19,0,European Grand Prix,2005-05-29,14:00:00,0
739,78,2005,2000s,8,19,0,Canadian Grand Prix,2005-06-12,13:00:00,0
740,79,2005,2000s,9,19,0,United States Grand Prix,2005-06-19,14:00:00,0
741,80,2005,2000s,10,19,0,French Grand Prix,2005-07-03,14:00:00,0
742,81,2005,2000s,11,19,0,British Grand Prix,2005-07-10,14:00:00,0
743,82,2005,2000s,12,19,0,German Grand Prix,2005-07-24,14:00:00,0
744,83,2005,2000s,13,19,0,Hungarian Grand Prix,2005-07-31,14:00:00,0
745,84,2005,2000s,14,19,0,Turkish Grand Prix,2005-08-21,15:00:00,0
746,85,2005,2000s,15,19,0,Italian Grand Prix,2005-09-04,14:00:00,0
747,86,2005,2000s,16,19,0,Belgian Grand Prix,2005-09-11,14:00:00,0
748,87,2005,2000s,17,19,0,Brazilian Grand Prix,2005-09-25,14:00:00,0
749,88,2005,2000s,18,19,0,Japanese Grand Prix,2005-10-09,14:00:00,0
750,89,2005,2000s,19,19,1,Chinese Grand Prix,2005-10-16,14:00:00,0
751,53,2006,2000s,1,18,0,Bahrain Grand Prix,2006-03-12,14:30:00,0
752,54,2006,2000s,2,18,0,Malaysian Grand Prix,2006-03-19,15:00:00,0
753,55,2006,2000s,3,18,0,Australian Grand Prix,2006-04-02,14:00:00,0
754,56,2006,2000s,4,18,0,San Marino Grand Prix,2006-04-23,14:00:00,0
755,57,2006,2000s,5,18,0,European Grand Prix,2006-05-07,14:00:00,0
756,58,2006,2000s,6,18,0,Spanish Grand Prix,2006-05-14,14:00:00,0
757,59,2006,2000s,7,18,0,Monaco Grand Prix,2006-05-28,14:00:00,0
758,60,2006,2000s,8,18,0,British Grand Prix,2006-06-11,12:00:00,0
759,61,2006,2000s,9,18,0,Canadian Grand Prix,2006-06-25,13:00:00,0
760,62,2006,2000s,10,18,0,United States Grand Prix,2006-07-02,14:00:00,0
761,63,2006,2000s,11,18,0,French Grand Prix,2006-07-16,14:00:00,0
762,64,2006,2000s,12,18,0,German Grand Prix,2006-07-30,14:00:00,0
763,65,2006,2000s,13,18,0,Hungarian Grand Prix,2006-08-06,14:00:00,0
764,66,2006,2000s,14,18,0,Turkish Grand Prix,2006-08-27,15:00:00,0
765,67,2006,2000s,15,18,0,Italian Grand Prix,2006-09-10,14:00:00,0
766,68,2006,2000s,16,18,0,Chinese Grand Prix,2006-10-01,14:00:00,0
767,69,2006,2000s,17,18,0,Japanese Grand Prix,2006-10-08,14:00:00,0
768,70,2006,2000s,18,18,1,Brazilian Grand Prix,2006-10-22,14:00:00,0
769,36,2007,2000s,1,17,0,Australian Grand Prix,2007-03-18,03:00:00,0
770,37,2007,2000s,2,17,0,Malaysian Grand Prix,2007-04-08,07:00:00,0
771,38,2007,2000s,3,17,0,Bahrain Grand Prix,2007-04-15,11:30:00,0
772,39,2007,2000s,4,17,0,Spanish Grand Prix,2007-05-13,12:00:00,0
773,40,2007,2000s,5,17,0,Monaco Grand Prix,2007-05-27,12:00:00,0
774,41,2007,2000s,6,17,0,Canadian Grand Prix,2007-06-10,17:00:00,0
775,42,2007,2000s,7,17,0,United States Grand Prix,2007-06-17,17:00:00,0
776,43,2007,2000s,8,17,0,French Grand Prix,2007-07-01,12:00:00,0
777,44,2007,2000s,9,17,0,British Grand Prix,2007-07-08,12:00:00,0
778,45,2007,2000s,10,17,0,European Grand Prix,2007-07-22,12:00:00,0
779,46,2007,2000s,11,17,0,Hungarian Grand Prix,2007-08-05,12:00:00,0
780,47,2007,2000s,12,17,0,Turkish Grand Prix,2007-08-26,12:00:00,0
781,48,2007,2000s,13,17,0,Italian Grand Prix,2007-09-09,12:00:00,0
782,49,2007,2000s,14,17,0,Belgian Grand Prix,2007-09-16,12:00:00,0
783,50,2007,2000s,15,17,0,Japanese Grand Prix,2007-09-30,04:30:00,0
784,51,2007,2000s,16,17,0,Chinese Grand Prix,2007-10-07,06:00:00,0
785,52,2007,2000s,17,17,1,Brazilian Grand Prix,2007-10-21,16:00:00,0
786,18,2008,2000s,1,18,0,Australian Grand Prix,2008-03-16,04:30:00,0
787,19,2008,2000s,2,18,0,Malaysian Grand Prix,2008-03-23,07:00:00,0
788,20,2008,2000s,3,18,0,Bahrain Grand Prix,2008-04-06,11:30:00,0
789,21,2008,2000s,4,18,0,Spanish Grand Prix,2008-04-27,12:00:00,0
790,22,2008,2000s,5,18,0,Turkish Grand Prix,2008-05-11,12:00:00,0
791,23,2008,2000s,6,18,0,Monaco Grand Prix,2008-05-25,12:00:00,0
792,24,2008,2000s,7,18,0,Canadian Grand Prix,2008-06-08,17:00:00,0
793,25,2008,2000s,8,18,0,French Grand Prix,2008-06-22,12:00:00,0
794,26,2008,2000s,9,18,0,British Grand Prix,2008-07-06,12:00:00,0
795,27,2008,2000s,10,18,0,German Grand Prix,2008-07-20,12:00:00,0
796,28,2008,2000s,11,18,0,Hungarian Grand Prix,2008-08-03,12:00:00,0
797,29,2008,2000s,12,18,0,European Grand Prix,2008-08-24,12:00:00,0
798,30,2008,2000s,13,18,0,Belgian Grand Prix,2008-09-07,12:00:00,0
799,31,2008,2000s,14,18,0,Italian Grand Prix,2008-09-14,12:00:00,0
800,32,2008,2000s,15,18,0,Singapore Grand Prix,2008-09-28,12:00:00,0
801,33,2008,2000s,16,18,0,Japanese Grand Prix,2008-10-12,04:30:00,0
802,34,2008,2000s,17,18,0,Chinese Grand Prix,2008-10-19,07:00:00,0
803,35,2008,2000s,18,18,1,Brazilian Grand Prix,2008-11-02,17:00:00,0
804,1,2009,2000s,1,17,0,Australian Grand Prix,2009-03-29,06:00:00,0
805,2,2009,2000s,2,17,0,Malaysian Grand Prix,2009-04-05,09:00:00,0
806,3,2009,2000s,3,17,0,Chinese Grand Prix,2009-04-19,07:00:00,0
807,4,2009,2000s,4,17,0,Bahrain Grand Prix,2009-04-26,12:00:00,0
808,5,2009,2000s,5,17,0,Spanish Grand Prix,2009-05-10,12:00:00,0
809,6,2009,2000s,6,17,0,Monaco Grand Prix,2009-05-24,12:00:00,0
810,7,2009,2000s,7,17,0,Turkish Grand Prix,2009-06-07,12:00:00,0
811,8,2009,2000s,8,17,0,British Grand Prix,2009-06-21,12:00:00,0
812,9,2009,2000s,9,17,0,German Grand Prix,2009-07-12,12:00:00,0
813,10,2009,2000s,10,17,0,Hungarian Grand Prix,2009-07-26,12:00:00,0
814,11,2009,2000s,11,17,0,European Grand Prix,2009-08-23,12:00:00,0
815,12,2009,2000s,12,17,0,Belgian Grand Prix,2009-08-30,12:00:00,0
816,13,2009,2000s,13,17,0,Italian Grand Prix,2009-09-13,12:00:00,0
817,14,2009,2000s,14,17,0,Singapore Grand Prix,2009-09-27,12:00:00,0
818,15,2009,2000s,15,17,0,Japanese Grand Prix,2009-10-04,05:00:00,0
819,16,2009,2000s,16,17,0,Brazilian Grand Prix,2009-10-18,16:00:00,0
820,17,2009,2000s,17,17,1,Abu Dhabi Grand Prix,2009-11-01,11:00:00,0
821,337,2010,2010s,1,19,0,Bahrain Grand Prix,2010-03-14,12:00:00,0
822,338,2010,2010s,2,19,0,Australian Grand Prix,2010-03-28,06:00:00,0
823,339,2010,2010s,3,19,0,Malaysian Grand Prix,2010-04-04,08:00:00,0
824,340,2010,2010s,4,19,0,Chinese Grand Prix,2010-04-18,06:00:00,0
825,341,2010,2010s,5,19,0,Spanish Grand Prix,2010-05-09,12:00:00,0
826,342,2010,2010s,6,19,0,Monaco Grand Prix,2010-05-16,12:00:00,0
827,343,2010,2010s,7,19,0,Turkish Grand Prix,2010-05-30,11:00:00,0
828,344,2010,2010s,8,19,0,Canadian Grand Prix,2010-06-13,16:00:00,0
829,345,2010,2010s,9,19,0,European Grand Prix,2010-06-27,12:00:00,0
830,346,2010,2010s,10,19,0,British Grand Prix,2010-07-11,12:00:00,0
831,347,2010,2010s,11,19,0,German Grand Prix,2010-07-25,12:00:00,0
832,348,2010,2010s,12,19,0,Hungarian Grand Prix,2010-08-01,12:00:00,0
833,349,2010,2010s,13,19,0,Belgian Grand Prix,2010-08-29,12:00:00,0
834,350,2010,2010s,14,19,0,Italian Grand Prix,2010-09-12,12:00:00,0
835,351,2010,2010s,15,19,0,Singapore Grand Prix,2010-09-26,12:00:00,0
836,352,2010,2010s,16,19,0,Japanese Grand Prix,2010-10-10,06:00:00,0
837,353,2010,2010s,17,19,0,Korean Grand Prix,2010-10-24,05:00:00,0
838,354,2010,2010s,18,19,0,Brazilian Grand Prix,2010-11-07,16:00:00,0
839,355,2010,2010s,19,19,1,Abu Dhabi Grand Prix,2010-11-14,13:00:00,0
840,841,2011,2010s,1,19,0,Australian Grand Prix,2011-03-27,06:00:00,0
841,842,2011,2010s,2,19,0,Malaysian Grand Prix,2011-04-10,08:00:00,0
842,843,2011,2010s,3,19,0,Chinese Grand Prix,2011-04-17,07:00:00,0
843,844,2011,2010s,4,19,0,Turkish Grand Prix,2011-05-08,12:00:00,0
844,845,2011,2010s,5,19,0,Spanish Grand Prix,2011-05-22,12:00:00,0
845,846,2011,2010s,6,19,0,Monaco Grand Prix,2011-05-29,12:00:00,0
846,847,2011,2010s,7,19,0,Canadian Grand Prix,2011-06-12,17:00:00,0
847,848,2011,2010s,8,19,0,European Grand Prix,2011-06-26,12:00:00,0
848,849,2011,2010s,9,19,0,British Grand Prix,2011-07-10,12:00:00,0
849,850,2011,2010s,10,19,0,German Grand Prix,2011-07-24,12:00:00,0
850,851,2011,2010s,11,19,0,Hungarian Grand Prix,2011-07-31,12:00:00,0
851,852,2011,2010s,12,19,0,Belgian Grand Prix,2011-08-28,12:00:00,0
852,853,2011,2010s,13,19,0,Italian Grand Prix,2011-09-11,12:00:00,0
853,854,2011,2010s,14,19,0,Singapore Grand Prix,2011-09-25,12:00:00,0
854,855,2011,2010s,15,19,0,Japanese Grand Prix,2011-10-09,06:00:00,0
855,856,2011,2010s,16,19,0,Korean Grand Prix,2011-10-16,06:00:00,0
856,857,2011,2010s,17,19,0,Indian Grand Prix,2011-10-30,09:30:00,0
857,858,2011,2010s,18,19,0,Abu Dhabi Grand Prix,2011-11-13,13:00:00,0
858,859,2011,2010s,19,19,1,Brazilian Grand Prix,2011-11-27,16:00:00,0
859,860,2012,2010s,1,20,0,Australian Grand Prix,2012-03-18,06:00:00,0
860,861,2012,2010s,2,20,0,Malaysian Grand Prix,2012-03-25,08:00:00,0
861,862,2012,2010s,3,20,0,Chinese Grand Prix,2012-04-15,07:00:00,0
862,863,2012,2010s,4,20,0,Bahrain Grand Prix,2012-04-22,12:00:00,0
863,864,2012,2010s,5,20,0,Spanish Grand Prix,2012-05-13,12:00:00,0
864,865,2012,2010s,6,20,0,Monaco Grand Prix,2012-05-27,12:00:00,0
865,866,2012,2010s,7,20,0,Canadian Grand Prix,2012-06-10,18:00:00,0
866,867,2012,2010s,8,20,0,European Grand Prix,2012-06-24,12:00:00,0
867,868,2012,2010s,9,20,0,British Grand Prix,2012-07-08,12:00:00,0
868,869,2012,2010s,10,20,0,German Grand Prix,2012-07-22,12:00:00,0
869,870,2012,2010s,11,20,0,Hungarian Grand Prix,2012-07-29,12:00:00,0
870,871,2012,2010s,12,20,0,Belgian Grand Prix,2012-09-02,12:00:00,0
871,872,2012,2010s,13,20,0,Italian Grand Prix,2012-09-09,12:00:00,0
872,873,2012,2010s,14,20,0,Singapore Grand Prix,2012-09-23,12:00:00,0
873,874,2012,2010s,15,20,0,Japanese Grand Prix,2012-10-07,06:00:00,0
874,875,2012,2010s,16,20,0,Korean Grand Prix,2012-10-14,06:00:00,0
875,876,2012,2010s,17,20,0,Indian Grand Prix,2012-10-28,09:30:00,0
876,877,2012,2010s,18,20,0,Abu Dhabi Grand Prix,2012-11-04,13:00:00,0
877,878,2012,2010s,19,20,0,United States Grand Prix,2012-11-18,19:00:00,0
878,879,2012,2010s,20,20,1,Brazilian Grand Prix,2012-11-25,16:00:00,0
879,880,2013,2010s,1,19,0,Australian Grand Prix,2013-03-17,06:00:00,0
880,881,2013,2010s,2,19,0,Malaysian Grand Prix,2013-03-24,08:00:00,0
881,882,2013,2010s,3,19,0,Chinese Grand Prix,2013-04-14,07:00:00,0
882,883,2013,2010s,4,19,0,Bahrain Grand Prix,2013-04-21,12:00:00,0
883,884,2013,2010s,5,19,0,Spanish Grand Prix,2013-05-12,12:00:00,0
884,885,2013,2010s,6,19,0,Monaco Grand Prix,2013-05-26,12:00:00,0
885,886,2013,2010s,7,19,0,Canadian Grand Prix,2013-06-09,18:00:00,0
886,887,2013,2010s,8,19,0,British Grand Prix,2013-06-30,12:00:00,0
887,888,2013,2010s,9,19,0,German Grand Prix,2013-07-07,12:00:00,0
888,890,2013,2010s,10,19,0,Hungarian Grand Prix,2013-07-28,12:00:00,0
889,891,2013,2010s,11,19,0,Belgian Grand Prix,2013-08-25,12:00:00,0
890,892,2013,2010s,12,19,0,Italian Grand Prix,2013-09-08,12:00:00,0
891,893,2013,2010s,13,19,0,Singapore Grand Prix,2013-09-22,12:00:00,0
892,894,2013,2010s,14,19,0,Korean Grand Prix,2013-10-06,06:00:00,0
893,895,2013,2010s,15,19,0,Japanese Grand Prix,2013-10-13,06:00:00,0
894,896,2013,2010s,16,19,0,Indian Grand Prix,2013-10-27,09:30:00,0
895,897,2013,2010s,17,19,0,Abu Dhabi Grand Prix,2013-11-03,13:00:00,0
896,898,2013,2010s,18,19,0,United States Grand Prix,2013-11-17,19:00:00,0
897,899,2013,2010s,19,19,1,Brazilian Grand Prix,2013-11-24,16:00:00,0
898,900,2014,2010s,1,19,0,Australian Grand Prix,2014-03-16,06:00:00,0
899,901,2014,2010s,2,19,0,Malaysian Grand Prix,2014-03-30,08:00:00,0
900,902,2014,2010s,3,19,0,Bahrain Grand Prix,2014-04-06,15:00:00,0
901,903,2014,2010s,4,19,0,Chinese Grand Prix,2014-04-20,07:00:00,0
902,904,2014,2010s,5,19,0,Spanish Grand Prix,2014-05-11,12:00:00,0
903,905,2014,2010s,6,19,0,Monaco Grand Prix,2014-05-25,12:00:00,0
904,906,2014,2010s,7,19,0,Canadian Grand Prix,2014-06-08,18:00:00,0
905,907,2014,2010s,8,19,0,Austrian Grand Prix,2014-06-22,12:00:00,0
906,908,2014,2010s,9,19,0,British Grand Prix,2014-07-06,12:00:00,0
907,909,2014,2010s,10,19,0,German Grand Prix,2014-07-20,12:00:00,0
908,910,2014,2010s,11,19,0,Hungarian Grand Prix,2014-07-27,12:00:00,0
909,911,2014,2010s,12,19,0,Belgian Grand Prix,2014-08-24,12:00:00,0
910,912,2014,2010s,13,19,0,Italian Grand Prix,2014-09-07,12:00:00,0
911,913,2014,2010s,14,19,0,Singapore Grand Prix,2014-09-21,12:00:00,0
912,914,2014,2010s,15,19,0,Japanese Grand Prix,2014-10-05,06:00:00,0
913,915,2014,2010s,16,19,0,Russian Grand Prix,2014-10-12,11:00:00,0
914,916,2014,2010s,17,19,0,United States Grand Prix,2014-11-02,20:00:00,0
915,917,2014,2010s,18,19,0,Brazilian Grand Prix,2014-11-09,16:00:00,0
916,918,2014,2010s,19,19,1,Abu Dhabi Grand Prix,2014-11-23,13:00:00,0
917,926,2015,2010s,1,19,0,Australian Grand Prix,2015-03-15,05:00:00,0
918,927,2015,2010s,2,19,0,Malaysian Grand Prix,2015-03-29,07:00:00,0
919,928,2015,2010s,3,19,0,Chinese Grand Prix,2015-04-12,06:00:00,0
920,929,2015,2010s,4,19,0,Bahrain Grand Prix,2015-04-19,15:00:00,0
921,930,2015,2010s,5,19,0,Spanish Grand Prix,2015-05-10,12:00:00,0
922,931,2015,2010s,6,19,0,Monaco Grand Prix,2015-05-24,12:00:00,0
923,932,2015,2010s,7,19,0,Canadian Grand Prix,2015-06-07,18:00:00,0
924,933,2015,2010s,8,19,0,Austrian Grand Prix,2015-06-21,12:00:00,0
925,934,2015,2010s,9,19,0,British Grand Prix,2015-07-05,12:00:00,0
926,936,2015,2010s,10,19,0,Hungarian Grand Prix,2015-07-26,12:00:00,0
927,937,2015,2010s,11,19,0,Belgian Grand Prix,2015-08-23,12:00:00,0
928,938,2015,2010s,12,19,0,Italian Grand Prix,2015-09-06,12:00:00,0
929,939,2015,2010s,13,19,0,Singapore Grand Prix,2015-09-20,12:00:00,0
930,940,2015,2010s,14,19,0,Japanese Grand Prix,2015-09-27,05:00:00,0
931,941,2015,2010s,15,19,0,Russian Grand Prix,2015-10-11,11:00:00,0
932,942,2015,2010s,16,19,0,United States Grand Prix,2015-10-25,19:00:00,0
933,943,2015,2010s,17,19,0,Mexican Grand Prix,2015-11-01,19:00:00,0
934,944,2015,2010s,18,19,0,Brazilian Grand Prix,2015-11-15,16:00:00,0
935,945,2015,2010s,19,19,1,Abu Dhabi Grand Prix,2015-11-29,13:00:00,0
936,948,2016,2010s,1,21,0,Australian Grand Prix,2016-03-20,05:00:00,0
937,949,2016,2010s,2,21,0,Bahrain Grand Prix,2016-04-03,15:00:00,0
938,950,2016,2010s,3,21,0,Chinese Grand Prix,2016-04-17,06:00:00,0
939,951,2016,2010s,4,21,0,Russian Grand Prix,2016-05-01,12:00:00,0
940,952,2016,2010s,5,21,0,Spanish Grand Prix,2016-05-15,12:00:00,0
941,953,2016,2010s,6,21,0,Monaco Grand Prix,2016-05-29,12:00:00,0
942,954,2016,2010s,7,21,0,Canadian Grand Prix,2016-06-12,18:00:00,0
943,955,2016,2010s,8,21,0,European Grand Prix,2016-06-19,13:00:00,0
944,956,2016,2010s,9,21,0,Austrian Grand Prix,2016-07-03,12:00:00,0
945,957,2016,2010s,10,21,0,British Grand Prix,2016-07-10,12:00:00,0
946,958,2016,2010s,11,21,0,Hungarian Grand Prix,2016-07-24,12:00:00,0
947,959,2016,2010s,12,21,0,German Grand Prix,2016-07-31,12:00:00,0
948,960,2016,2010s,13,21,0,Belgian Grand Prix,2016-08-28,12:00:00,0
949,961,2016,2010s,14,21,0,Italian Grand Prix,2016-09-04,12:00:00,0
950,962,2016,2010s,15,21,0,Singapore Grand Prix,2016-09-18,12:00:00,0
951,963,2016,2010s,16,21,0,Malaysian Grand Prix,2016-10-02,07:00:00,0
952,964,2016,2010s,17,21,0,Japanese Grand Prix,2016-10-09,05:00:00,0
953,965,2016,2010s,18,21,0,United States Grand Prix,2016-10-23,19:00:00,0
954,966,2016,2010s,19,21,0,Mexican Grand Prix,2016-10-30,19:00:00,0
955,967,2016,2010s,20,21,0,Brazilian Grand Prix,2016-11-13,16:00:00,0
956,968,2016,2010s,21,21,1,Abu Dhabi Grand Prix,2016-11-27,13:00:00,0
957,969,2017,2010s,1,20,0,Australian Grand Prix,2017-03-26,05:00:00,0
958,970,2017,2010s,2,20,0,Chinese Grand Prix,2017-04-09,06:00:00,0
959,971,2017,2010s,3,20,0,Bahrain Grand Prix,2017-04-16,15:00:00,0
960,972,2017,2010s,4,20,0,Russian Grand Prix,2017-04-30,12:00:00,0
961,973,2017,2010s,5,20,0,Spanish Grand Prix,2017-05-14,12:00:00,0
962,974,2017,2010s,6,20,0,Monaco Grand Prix,2017-05-28,12:00:00,0
963,975,2017,2010s,7,20,0,Canadian Grand Prix,2017-06-11,18:00:00,0
964,976,2017,2010s,8,20,0,Azerbaijan Grand Prix,2017-06-25,13:00:00,0
965,977,2017,2010s,9,20,0,Austrian Grand Prix,2017-07-09,12:00:00,0
966,978,2017,2010s,10,20,0,British Grand Prix,2017-07-16,12:00:00,0
967,979,2017,2010s,11,20,0,Hungarian Grand Prix,2017-07-30,12:00:00,0
968,980,2017,2010s,12,20,0,Belgian Grand Prix,2017-08-27,12:00:00,0
969,981,2017,2010s,13,20,0,Italian Grand Prix,2017-09-03,12:00:00,0
970,982,2017,2010s,14,20,0,Singapore Grand Prix,2017-09-17,12:00:00,0
971,983,2017,2010s,15,20,0,Malaysian Grand Prix,2017-10-01,07:00:00,0
972,984,2017,2010s,16,20,0,Japanese Grand Prix,2017-10-08,05:00:00,0
973,985,2017,2010s,17,20,0,United States Grand Prix,2017-10-22,19:00:00,0
974,986,2017,2010s,18,20,0,Mexican Grand Prix,2017-10-29,19:00:00,0
975,987,2017,2010s,19,20,0,Brazilian Grand Prix,2017-11-12,16:00:00,0
976,988,2017,2010s,20,20,1,Abu Dhabi Grand Prix,2017-11-26,13:00:00,0
977,989,2018,2010s,1,21,0,Australian Grand Prix,2018-03-25,05:10:00,0
978,990,2018,2010s,2,21,0,Bahrain Grand Prix,2018-04-08,15:10:00,0
979,991,2018,2010s,3,21,0,Chinese Grand Prix,2018-04-15,06:10:00,0
980,992,2018,2010s,4,21,0,Azerbaijan Grand Prix,2018-04-29,12:10:00,0
981,993,2018,2010s,5,21,0,Spanish Grand Prix,2018-05-13,13:10:00,0
982,994,2018,2010s,6,21,0,Monaco Grand Prix,2018-05-27,13:10:00,0
983,995,2018,2010s,7,21,0,Canadian Grand Prix,2018-06-10,18:10:00,0
984,996,2018,2010s,8,21,0,French Grand Prix,2018-06-24,14:10:00,0
985,997,2018,2010s,9,21,0,Austrian Grand Prix,2018-07-01,13:10:00,0
986,998,2018,2010s,10,21,0,British Grand Prix,2018-07-08,13:10:00,0
987,999,2018,2010s,11,21,0,German Grand Prix,2018-07-22,13:10:00,0
988,1000,2018,2010s,12,21,0,Hungarian Grand Prix,2018-07-29,13:10:00,0
989,1001,2018,2010s,13,21,0,Belgian Grand Prix,2018-08-26,13:10:00,0
990,1002,2018,2010s,14,21,0,Italian Grand Prix,2018-09-02,13:10:00,0
991,1003,2018,2010s,15,21,0,Singapore Grand Prix,2018-09-16,12:10:00,0
992,1004,2018,2010s,16,21,0,Russian Grand Prix,2018-09-30,11:10:00,0
993,1005,2018,2010s,17,21,0,Japanese Grand Prix,2018-10-07,05:10:00,0
994,1006,2018,2010s,18,21,0,United States Grand Prix,2018-10-21,18:10:00,0
995,1007,2018,2010s,19,21,0,Mexican Grand Prix,2018-10-28,19:10:00,0
996,1008,2018,2010s,20,21,0,Brazilian Grand Prix,2018-11-11,17:10:00,0
997,1009,2018,2010s,21,21,1,Abu Dhabi Grand Prix,2018-11-25,13:10:00,0
998,1010,2019,2010s,1,21,0,Australian Grand Prix,2019-03-17,05:10:00,0
999,1011,2019,2010s,2,21,0,Bahrain Grand Prix,2019-03-31,15:10:00,0
1000,1012,2019,2010s,3,21,0,Chinese Grand Prix,2019-04-14,06:10:00,0
1001,1013,2019,2010s,4,21,0,Azerbaijan Grand Prix,2019-04-28,12:10:00,0
1002,1014,2019,2010s,5,21,0,Spanish Grand Prix,2019-05-12,13:10:00,0
1003,1015,2019,2010s,6,21,0,Monaco Grand Prix,2019-05-26,13:10:00,0
1004,1016,2019,2010s,7,21,0,Canadian Grand Prix,2019-06-09,18:10:00,0
1005,1017,2019,2010s,8,21,0,French Grand Prix,2019-06-23,13:10:00,0
1006,1018,2019,2010s,9,21,0,Austrian Grand Prix,2019-06-30,13:10:00,0
1007,1019,2019,2010s,10,21,0,British Grand Prix,2019-07-14,13:10:00,0
1008,1020,2019,2010s,11,21,0,German Grand Prix,2019-07-28,13:10:00,0
1009,1021,2019,2010s,12,21,0,Hungarian Grand Prix,2019-08-04,13:10:00,0
1010,1022,2019,2010s,13,21,0,Belgian Grand Prix,2019-09-01,13:10:00,0
1011,1023,2019,2010s,14,21,0,Italian Grand Prix,2019-09-08,13:10:00,0
1012,1024,2019,2010s,15,21,0,Singapore Grand Prix,2019-09-22,12:10:00,0
1013,1025,2019,2010s,16,21,0,Russian Grand Prix,2019-09-29,11:10:00,0
1014,1026,2019,2010s,17,21,0,Japanese Grand Prix,2019-10-13,05:10:00,0
1015,1027,2019,2010s,18,21,0,Mexican Grand Prix,2019-10-27,19:10:00,0
1016,1028,2019,2010s,19,21,0,United States Grand Prix,2019-11-03,19:10:00,0
1017,1029,2019,2010s,20,21,0,Brazilian Grand Prix,2019-11-17,17:10:00,0
1018,1030,2019,2010s,21,21,1,Abu Dhabi Grand Prix,2019-12-01,13:10:00,0
1019,1031,2020,2020s,1,17,0,Austrian Grand Prix,2020-07-05,13:10:00,0
1020,1032,2020,2020s,2,17,0,Styrian Grand Prix,2020-07-12,13:10:00,0
1021,1033,2020,2020s,3,17,0,Hungarian Grand Prix,2020-07-19,13:10:00,0
1022,1034,2020,2020s,4,17,0,British Grand Prix,2020-08-02,13:10:00,0
1023,1035,2020,2020s,5,17,0,70th Anniversary Grand Prix,2020-08-09,13:10:00,0
1024,1036,2020,2020s,6,17,0,Spanish Grand Prix,2020-08-16,13:10:00,0
1025,1037,2020,2020s,7,17,0,Belgian Grand Prix,2020-08-30,13:10:00,0
1026,1038,2020,2020s,8,17,0,Italian Grand Prix,2020-09-06,13:10:00,0
1027,1039,2020,2020s,9,17,0,Tuscan Grand Prix,2020-09-13,13:10:00,0
1028,1040,2020,2020s,10,17,0,Russian Grand Prix,2020-09-27,11:10:00,0
1029,1041,2020,2020s,11,17,0,Eifel Grand Prix,2020-10-11,13:10:00,0
1030,1042,2020,2020s,12,17,0,Portuguese Grand Prix,2020-10-25,12:10:00,0
1031,1043,2020,2020s,13,17,0,Emilia Romagna Grand Prix,2020-11-01,12:10:00,0
1032,1044,2020,2020s,14,17,0,Turkish Grand Prix,2020-11-15,10:10:00,0
1033,1045,2020,2020s,15,17,0,Bahrain Grand Prix,2020-11-29,14:10:00,0
1034,1046,2020,2020s,16,17,0,Sakhir Grand Prix,2020-12-06,17:10:00,0
1035,1047,2020,2020s,17,17,1,Abu Dhabi Grand Prix,2020-12-13,13:10:00,0
1036,1052,2021,2020s,1,22,0,Bahrain Grand Prix,2021-03-28,15:00:00,0
1037,1053,2021,2020s,2,22,0,Emilia Romagna Grand Prix,2021-04-18,13:00:00,0
1038,1054,2021,2020s,3,22,0,Portuguese Grand Prix,2021-05-02,14:00:00,0
1039,1055,2021,2020s,4,22,0,Spanish Grand Prix,2021-05-09,13:00:00,0
1040,1056,2021,2020s,5,22,0,Monaco Grand Prix,2021-05-23,13:00:00,0
1041,1057,2021,2020s,6,22,0,Azerbaijan Grand Prix,2021-06-06,12:00:00,0
1042,1059,2021,2020s,7,22,0,French Grand Prix,2021-06-20,13:00:00,0
1043,1058,2021,2020s,8,22,0,Styrian Grand Prix,2021-06-27,13:00:00,0
1044,1060,2021,2020s,9,22,0,Austrian Grand Prix,2021-07-04,13:00:00,0
1045,1061,2021,2020s,10,22,0,British Grand Prix,2021-07-18,14:00:00,1
1046,1062,2021,2020s,11,22,0,Hungarian Grand Prix,2021-08-01,13:00:00,0
1047,1063,2021,2020s,12,22,0,Belgian Grand Prix,2021-08-29,13:00:00,0
1048,1064,2021,2020s,13,22,0,Dutch Grand Prix,2021-09-05,13:00:00,0
1049,1065,2021,2020s,14,22,0,Italian Grand Prix,2021-09-12,13:00:00,1
1050,1066,2021,2020s,15,22,0,Russian Grand Prix,2021-09-26,12:00:00,0
1051,1067,2021,2020s,16,22,0,Turkish Grand Prix,2021-10-10,12:00:00,0
1052,1069,2021,2020s,17,22,0,United States Grand Prix,2021-10-24,19:00:00,0
1053,1070,2021,2020s,18,22,0,Mexico City Grand Prix,2021-11-07,19:00:00,0
1054,1071,2021,2020s,19,22,0,São Paulo Grand Prix,2021-11-14,17:00:00,1
1055,1051,2021,2020s,20,22,0,Qatar Grand Prix,2021-11-21,14:00:00,0
1056,1072,2021,2020s,21,22,0,Saudi Arabian Grand Prix,2021-12-05,17:30:00,0
1057,1073,2021,2020s,22,22,1,Abu Dhabi Grand Prix,2021-12-12,13:00:00,0
1058,1074,2022,2020s,1,22,0,Bahrain Grand Prix,2022-03-20,15:00:00,0
1059,1075,2022,2020s,2,22,0,Saudi Arabian Grand Prix,2022-03-27,17:00:00,0
1060,1076,2022,2020s,3,22,0,Australian Grand Prix,2022-04-10,05:00:00,0
1061,1077,2022,2020s,4,22,0,Emilia Romagna Grand Prix,2022-04-24,13:00:00,1
1062,1078,2022,2020s,5,22,0,Miami Grand Prix,2022-05-08,19:30:00,0
1063,1079,2022,2020s,6,22,0,Spanish Grand Prix,2022-05-22,13:00:00,0
1064,1080,2022,2020s,7,22,0,Monaco Grand Prix,2022-05-29,13:00:00,0
1065,1081,2022,2020s,8,22,0,Azerbaijan Grand Prix,2022-06-12,11:00:00,0
1066,1082,2022,2020s,9,22,0,Canadian Grand Prix,2022-06-19,18:00:00,0
1067,1083,2022,2020s,10,22,0,British Grand Prix,2022-07-03,14:00:00,0
1068,1084,2022,2020s,11,22,0,Austrian Grand Prix,2022-07-10,13:00:00,1
1069,1085,2022,2020s,12,22,0,French Grand Prix,2022-07-24,13:00:00,0
1070,1086,2022,2020s,13,22,0,Hungarian Grand Prix,2022-07-31,13:00:00,0
1071,1087,2022,2020s,14,22,0,Belgian Grand Prix,2022-08-28,13:00:00,0
1072,1088,2022,2020s,15,22,0,Dutch Grand Prix,2022-09-04,13:00:00,0
1073,1089,2022,2020s,16,22,0,Italian Grand Prix,2022-09-11,13:00:00,0
1074,1091,2022,2020s,17,22,0,Singapore Grand Prix,2022-10-02,12:00:00,0
1075,1092,2022,2020s,18,22,0,Japanese Grand Prix,2022-10-09,05:00:00,0
1076,1093,2022,2020s,19,22,0,United States Grand Prix,2022-10-23,19:00:00,0
1077,1094,2022,2020s,20,22,0,Mexico City Grand Prix,2022-10-30,20:00:00,0
1078,1095,2022,2020s,21,22,0,São Paulo Grand Prix,2022-11-13,18:00:00,1
1079,1096,2022,2020s,22,22,1,Abu Dhabi Grand Prix,2022-11-20,13:00:00,0
1080,1098,2023,2020s,1,22,0,Bahrain Grand Prix,2023-03-05,15:00:00,0
1081,1099,2023,2020s,2,22,0,Saudi Arabian Grand Prix,2023-03-19,17:00:00,0
1082,1100,2023,2020s,3,22,0,Australian Grand Prix,2023-04-02,05:00:00,0
1083,1101,2023,2020s,4,22,0,Azerbaijan Grand Prix,2023-04-30,11:00:00,1
1084,1102,2023,2020s,5,22,0,Miami Grand Prix,2023-05-07,19:30:00,0
1085,1104,2023,2020s,6,22,0,Monaco Grand Prix,2023-05-28,13:00:00,0
1086,1105,2023,2020s,7,22,0,Spanish Grand Prix,2023-06-04,13:00:00,0
1087,1106,2023,2020s,8,22,0,Canadian Grand Prix,2023-06-18,18:00:00,0
1088,1107,2023,2020s,9,22,0,Austrian Grand Prix,2023-07-02,13:00:00,1
1089,1108,2023,2020s,10,22,0,British Grand Prix,2023-07-09,14:00:00,0
1090,1109,2023,2020s,11,22,0,Hungarian Grand Prix,2023-07-23,13:00:00,0
1091,1110,2023,2020s,12,22,0,Belgian Grand Prix,2023-07-30,13:00:00,1
1092,1111,2023,2020s,13,22,0,Dutch Grand Prix,2023-08-27,13:00:00,0
1093,1112,2023,2020s,14,22,0,Italian Grand Prix,2023-09-03,13:00:00,0
1094,1113,2023,2020s,15,22,0,Singapore Grand Prix,2023-09-17,12:00:00,0
1095,1114,2023,2020s,16,22,0,Japanese Grand Prix,2023-09-24,05:00:00,0
1096,1115,2023,2020s,17,22,0,Qatar Grand Prix,2023-10-08,17:00:00,1
1097,1116,2023,2020s,18,22,0,United States Grand Prix,2023-10-22,19:00:00,1
1098,1117,2023,2020s,19,22,0,Mexico City Grand Prix,2023-10-29,20:00:00,0
1099,1118,2023,2020s,20,22,0,São Paulo Grand Prix,2023-11-05,17:00:00,1
1100,1119,2023,2020s,21,22,0,Las Vegas Grand Prix,2023-11-19,06:00:00,0
1101,1120,2023,2020s,22,22,1,Abu Dhabi Grand Prix,2023-11-26,13:00:00,0
1102,1121,2024,2020s,1,24,0,Bahrain Grand Prix,2024-03-02,15:00:00,0
1103,1122,2024,2020s,2,24,0,Saudi Arabian Grand Prix,2024-03-09,17:00:00,0
1104,1123,2024,2020s,3,24,0,Australian Grand Prix,2024-03-24,04:00:00,0
1105,1124,2024,2020s,4,24,0,Japanese Grand Prix,2024-04-07,05:00:00,0
1106,1125,2024,2020s,5,24,0,Chinese Grand Prix,2024-04-21,07:00:00,1
1107,1126,2024,2020s,6,24,0,Miami Grand Prix,2024-05-05,20:00:00,1
1108,1127,2024,2020s,7,24,0,Emilia Romagna Grand Prix,2024-05-19,13:00:00,0
1109,1128,2024,2020s,8,24,0,Monaco Grand Prix,2024-05-26,13:00:00,0
1110,1129,2024,2020s,9,24,0,Canadian Grand Prix,2024-06-09,18:00:00,0
1111,1130,2024,2020s,10,24,0,Spanish Grand Prix,2024-06-23,13:00:00,0
1112,1131,2024,2020s,11,24,0,Austrian Grand Prix,2024-06-30,13:00:00,1
1113,1132,2024,2020s,12,24,0,British Grand Prix,2024-07-07,14:00:00,0
1114,1133,2024,2020s,13,24,0,Hungarian Grand Prix,2024-07-21,13:00:00,0
1115,1134,2024,2020s,14,24,0,Belgian Grand Prix,2024-07-28,13:00:00,0
1116,1135,2024,2020s,15,24,0,Dutch Grand Prix,2024-08-25,13:00:00,0
1117,1136,2024,2020s,16,24,0,Italian Grand Prix,2024-09-01,13:00:00,0
1118,1137,2024,2020s,17,24,0,Azerbaijan Grand Prix,2024-09-15,11:00:00,0
1119,1138,2024,2020s,18,24,0,Singapore Grand Prix,2024-09-22,12:00:00,0
1120,1139,2024,2020s,19,24,0,United States Grand Prix,2024-10-20,19:00:00,1
1121,1140,2024,2020s,20,24,0,Mexico City Grand Prix,2024-10-27,20:00:00,0
1122,1141,2024,2020s,21,24,0,São Paulo Grand Prix,2024-11-03,17:00:00,1
1123,1142,2024,2020s,22,24,0,Las Vegas Grand Prix,2024-11-23,06:00:00,0
1124,1143,2024,2020s,23,24,0,Qatar Grand Prix,2024-12-01,17:00:00,1
1125,1144,2024,2020s,24,24,1,Abu Dhabi Grand Prix,2024-12-08,13:00:00,0
